transaction_id,store_id,store_name,date,product_id,product_name,quantity,unit_price,total,customer_id,promo_code
1001,1,Downtown,2025-10-01,501,Notebook,2,3.5,7.0,2001.0,
1002,1,Downtown,2025-10-01,502,Pen,5,0.8,4.0,2002.0,DISC10
1003,2,Suburb,2025-10-02,501,Notebook,1,3.5,3.5,2003.0,
1004,2,Suburb,2025-10-02,503,Stapler,1,5.25,5.25,,
1005,1,Downtown,2025-10-03,504,Folder,3,1.2,3.6,2004.0,DISC10
1006,3,Airport,2025-10-03,502,Pen,10,0.8,8.0,2005.0,
1007,3,Airport,2025-10-04,505,Marker,2,1.75,3.5,2006.0,
1008,1,Downtown,2025-10-04,502,Pen,2,0.8,1.6,2002.0,
1009,2,Suburb,2025-10-05,506,Highlighter,4,0.9,3.6,2007.0,
1010,2,Suburb,2025-10-05,501,Notebook,1,3.5,3.5,2008.0,DISC5
1011,2,Suburb,2025-10-19,503,Stapler,1,11.94,11.94,2151.0,NONE
1012,2,Airport,2025-10-12,504,Folder,6,4.81,28.86,3161.0,DISC5
1013,1,Downtown,2025-10-20,501,Notebook,7,1.71,11.97,4989.0,DISC5
1014,2,Downtown,2025-10-02,505,Marker,4,6.47,25.88,3852.0,DISC5
1015,3,Airport,2025-10-20,503,Stapler,10,10.34,103.4,3477.0,NONE
1016,1,Downtown,2025-10-19,501,Notebook,1,11.58,11.58,4666.0,NONE
1017,1,Suburb,2025-10-24,503,Stapler,3,1.16,3.48,2362.0,DISC10
1018,1,Airport,2025-10-08,506,Highlighter,9,0.87,7.83,2113.0,NONE
1019,2,Airport,2025-10-09,501,Notebook,10,2.5,25.0,3454.0,DISC5
1020,2,Airport,2025-10-19,501,Notebook,8,5.19,41.52,4337.0,DISC10
1021,2,Airport,2025-10-06,506,Highlighter,10,5.2,52.0,4840.0,NONE
1022,1,Airport,2025-10-23,502,Pen,6,0.6,3.6,3669.0,NONE
1023,2,Downtown,2025-10-17,502,Pen,7,8.03,56.21,3230.0,DISC5
1024,3,Suburb,2025-10-09,501,Notebook,4,11.43,45.72,2828.0,DISC5
1025,1,Downtown,2025-10-13,504,Folder,8,10.34,82.72,4333.0,DISC5
1026,2,Airport,2025-10-10,506,Highlighter,4,3.45,13.8,4944.0,NONE
1027,1,Airport,2025-10-18,501,Notebook,6,13.3,79.8,2645.0,DISC5
1028,2,Downtown,2025-10-18,503,Stapler,5,5.34,26.7,4348.0,NONE
1029,1,Suburb,2025-10-04,505,Marker,7,14.42,100.94,2319.0,DISC5
1030,2,Suburb,2025-10-24,506,Highlighter,3,10.45,31.35,2023.0,DISC10
1031,1,Downtown,2025-10-27,505,Marker,4,10.48,41.92,2608.0,DISC5
1032,3,Downtown,2025-10-11,506,Highlighter,3,13.56,40.68,2100.0,DISC10
1033,2,Airport,2025-10-24,503,Stapler,1,13.0,13.0,4115.0,DISC5
1034,3,Downtown,2025-10-07,505,Marker,5,5.16,25.8,3928.0,DISC10
1035,1,Suburb,2025-10-03,501,Notebook,3,14.8,44.4,4179.0,NONE
1036,3,Suburb,2025-10-24,505,Marker,8,5.93,47.44,2387.0,DISC10
1037,3,Suburb,2025-10-02,505,Marker,7,12.13,84.91,4575.0,DISC5
1038,3,Airport,2025-10-04,504,Folder,3,6.86,20.58,3379.0,DISC10
1039,3,Suburb,2025-10-24,502,Pen,7,8.74,61.18,2030.0,DISC10
1040,3,Airport,2025-10-21,505,Marker,8,7.48,59.84,3697.0,NONE
1041,2,Suburb,2025-10-28,502,Pen,4,13.65,54.6,4986.0,DISC5
1042,3,Downtown,2025-10-03,501,Notebook,7,6.42,44.94,4309.0,DISC5
1043,2,Airport,2025-10-17,501,Notebook,1,6.46,6.46,3585.0,NONE
1044,2,Suburb,2025-10-09,506,Highlighter,4,6.18,24.72,2180.0,DISC10
1045,2,Downtown,2025-10-28,506,Highlighter,3,5.49,16.47,2402.0,DISC5
1046,2,Airport,2025-10-18,502,Pen,2,12.32,24.64,4821.0,DISC10
1047,2,Downtown,2025-10-21,503,Stapler,7,9.6,67.2,3832.0,DISC5
1048,1,Downtown,2025-10-24,504,Folder,1,11.47,11.47,2438.0,NONE
1049,1,Airport,2025-10-08,504,Folder,8,0.77,6.16,3764.0,NONE
1050,3,Suburb,2025-10-28,502,Pen,9,14.92,134.28,3554.0,NONE
1051,2,Airport,2025-10-13,501,Notebook,7,4.1,28.7,4766.0,NONE
1052,1,Suburb,2025-10-03,504,Folder,4,10.17,40.68,4668.0,DISC10
1053,1,Downtown,2025-10-02,506,Highlighter,8,9.21,73.68,3577.0,NONE
1054,2,Airport,2025-10-09,504,Folder,4,7.24,28.96,3509.0,NONE
1055,3,Downtown,2025-10-27,501,Notebook,10,13.59,135.9,4036.0,NONE
1056,1,Suburb,2025-10-16,501,Notebook,7,1.45,10.15,3765.0,NONE
1057,1,Airport,2025-10-03,503,Stapler,2,3.81,7.62,4414.0,DISC10
1058,3,Suburb,2025-10-13,502,Pen,7,4.89,34.23,4686.0,DISC5
1059,2,Airport,2025-10-25,503,Stapler,9,7.85,70.65,2042.0,DISC5
1060,2,Suburb,2025-10-04,504,Folder,4,3.92,15.68,2770.0,DISC10
1061,3,Airport,2025-10-27,506,Highlighter,1,12.64,12.64,3876.0,DISC5
1062,1,Suburb,2025-10-11,504,Folder,7,1.03,7.21,2182.0,NONE
1063,1,Downtown,2025-10-14,501,Notebook,1,4.52,4.52,2558.0,DISC10
1064,2,Airport,2025-10-21,506,Highlighter,10,6.08,60.8,3473.0,DISC5
1065,2,Downtown,2025-10-20,506,Highlighter,5,2.29,11.45,2017.0,DISC10
1066,1,Airport,2025-10-18,505,Marker,5,10.31,51.55,3802.0,NONE
1067,1,Suburb,2025-10-03,502,Pen,7,4.93,34.51,4041.0,NONE
1068,2,Airport,2025-10-02,504,Folder,9,2.12,19.08,4000.0,DISC10
1069,1,Airport,2025-10-28,503,Stapler,6,6.94,41.64,4829.0,NONE
1070,1,Downtown,2025-10-27,501,Notebook,10,0.98,9.8,2525.0,DISC5
1071,1,Suburb,2025-10-04,504,Folder,1,1.84,1.84,2355.0,NONE
1072,1,Airport,2025-10-14,501,Notebook,2,12.45,24.9,3106.0,DISC5
1073,1,Suburb,2025-10-24,502,Pen,10,2.48,24.8,2690.0,DISC10
1074,2,Suburb,2025-10-09,506,Highlighter,3,11.81,35.43,4241.0,DISC5
1075,2,Suburb,2025-10-24,504,Folder,9,7.35,66.15,4186.0,NONE
1076,2,Airport,2025-10-27,503,Stapler,9,5.98,53.82,4584.0,DISC5
1077,1,Airport,2025-10-25,503,Stapler,6,8.01,48.06,4436.0,NONE
1078,1,Suburb,2025-10-02,506,Highlighter,1,4.29,4.29,4024.0,NONE
1079,3,Airport,2025-10-14,503,Stapler,6,10.88,65.28,3220.0,DISC10
1080,3,Downtown,2025-10-10,504,Folder,9,14.35,129.15,2247.0,DISC10
1081,1,Airport,2025-10-03,506,Highlighter,5,2.24,11.2,2230.0,DISC10
1082,2,Suburb,2025-10-28,502,Pen,8,2.89,23.12,4743.0,DISC10
1083,3,Airport,2025-10-28,503,Stapler,3,9.63,28.89,3835.0,NONE
1084,2,Downtown,2025-10-08,506,Highlighter,3,2.13,6.39,3436.0,DISC5
1085,2,Downtown,2025-10-13,501,Notebook,10,7.02,70.2,4539.0,DISC10
1086,1,Airport,2025-10-04,502,Pen,1,0.61,0.61,4902.0,NONE
1087,3,Airport,2025-10-02,503,Stapler,10,12.36,123.6,3323.0,DISC10
1088,1,Downtown,2025-10-27,504,Folder,9,9.18,82.62,4765.0,DISC10
1089,3,Suburb,2025-10-24,506,Highlighter,8,6.69,53.52,3915.0,NONE
1090,2,Suburb,2025-10-23,505,Marker,6,1.11,6.66,4471.0,DISC5
1091,3,Airport,2025-10-08,502,Pen,10,0.78,7.8,3978.0,DISC5
1092,3,Downtown,2025-10-16,504,Folder,2,10.73,21.46,3727.0,DISC10
1093,1,Suburb,2025-10-02,506,Highlighter,9,11.6,104.4,3887.0,DISC10
1094,3,Downtown,2025-10-06,503,Stapler,4,7.79,31.16,4248.0,DISC5
1095,2,Airport,2025-10-16,504,Folder,8,1.36,10.88,3672.0,NONE
1096,1,Airport,2025-10-10,504,Folder,7,10.89,76.23,3653.0,DISC10
1097,3,Downtown,2025-10-05,506,Highlighter,5,5.51,27.55,4733.0,NONE
1098,2,Downtown,2025-10-04,501,Notebook,3,3.38,10.14,2963.0,DISC10
1099,2,Downtown,2025-10-12,504,Folder,5,5.68,28.4,3255.0,DISC10
1100,3,Suburb,2025-10-28,501,Notebook,2,1.54,3.08,4658.0,NONE
1101,2,Suburb,2025-10-16,503,Stapler,10,6.3,63.0,3540.0,DISC10
1102,1,Downtown,2025-10-28,502,Pen,8,14.71,117.68,2405.0,NONE
1103,3,Suburb,2025-10-10,501,Notebook,2,11.2,22.4,3714.0,NONE
1104,3,Suburb,2025-10-25,501,Notebook,7,8.05,56.35,4319.0,DISC10
1105,1,Airport,2025-10-04,504,Folder,2,0.95,1.9,4714.0,NONE
1106,1,Airport,2025-10-20,505,Marker,3,9.1,27.3,4742.0,DISC5
1107,1,Suburb,2025-10-12,502,Pen,8,1.69,13.52,3901.0,DISC10
1108,2,Suburb,2025-10-19,501,Notebook,2,1.35,2.7,3108.0,DISC10
1109,2,Downtown,2025-10-28,502,Pen,3,6.87,20.61,4800.0,NONE
1110,2,Suburb,2025-10-12,502,Pen,6,6.71,40.26,2987.0,DISC10
1111,2,Airport,2025-10-05,501,Notebook,8,12.98,103.84,3905.0,NONE
1112,3,Airport,2025-10-08,504,Folder,1,3.74,3.74,4838.0,NONE
1113,1,Suburb,2025-10-11,504,Folder,8,6.64,53.12,4954.0,DISC10
1114,1,Downtown,2025-10-06,503,Stapler,3,8.84,26.52,2757.0,NONE
1115,3,Airport,2025-10-10,502,Pen,3,14.33,42.99,3571.0,DISC10
1116,3,Airport,2025-10-19,505,Marker,2,7.66,15.32,2860.0,DISC10
1117,1,Airport,2025-10-18,504,Folder,1,1.15,1.15,4578.0,NONE
1118,2,Suburb,2025-10-23,503,Stapler,6,11.65,69.9,2658.0,NONE
1119,3,Suburb,2025-10-14,501,Notebook,5,1.57,7.85,4313.0,NONE
1120,3,Airport,2025-10-08,506,Highlighter,1,11.02,11.02,3946.0,DISC5
1121,3,Airport,2025-10-16,503,Stapler,7,14.5,101.5,2721.0,DISC10
1122,1,Suburb,2025-10-23,505,Marker,9,14.74,132.66,3530.0,DISC5
1123,1,Suburb,2025-10-04,503,Stapler,10,8.11,81.1,2726.0,NONE
1124,1,Airport,2025-10-27,504,Folder,6,10.7,64.2,3992.0,NONE
1125,1,Airport,2025-10-02,501,Notebook,7,5.81,40.67,3272.0,DISC5
1126,3,Downtown,2025-10-28,501,Notebook,6,3.98,23.88,2017.0,NONE
1127,3,Airport,2025-10-24,502,Pen,7,6.64,46.48,3334.0,DISC5
1128,1,Suburb,2025-10-07,501,Notebook,5,11.4,57.0,2806.0,NONE
1129,2,Suburb,2025-10-04,501,Notebook,5,5.83,29.15,2918.0,DISC5
1130,1,Airport,2025-10-02,505,Marker,7,6.21,43.47,4733.0,NONE
1131,1,Suburb,2025-10-23,501,Notebook,1,8.41,8.41,3250.0,DISC5
1132,1,Airport,2025-10-12,502,Pen,9,7.12,64.08,2462.0,DISC5
1133,2,Downtown,2025-10-01,506,Highlighter,10,1.7,17.0,4793.0,DISC5
1134,2,Suburb,2025-10-25,501,Notebook,8,11.78,94.24,2656.0,DISC10
1135,2,Airport,2025-10-06,503,Stapler,6,12.3,73.8,3356.0,DISC10
1136,1,Suburb,2025-10-17,502,Pen,5,14.74,73.7,2176.0,DISC10
1137,1,Suburb,2025-10-01,502,Pen,5,7.61,38.05,2748.0,DISC10
1138,2,Suburb,2025-10-18,505,Marker,2,3.36,6.72,3034.0,DISC10
1139,2,Downtown,2025-10-09,501,Notebook,9,2.26,20.34,3493.0,DISC5
1140,2,Downtown,2025-10-07,506,Highlighter,9,11.88,106.92,2991.0,NONE
1141,1,Suburb,2025-10-19,506,Highlighter,1,14.05,14.05,4302.0,DISC5
1142,1,Downtown,2025-10-07,504,Folder,8,8.85,70.8,4520.0,NONE
1143,2,Downtown,2025-10-08,501,Notebook,9,8.67,78.03,4229.0,DISC5
1144,2,Downtown,2025-10-15,505,Marker,4,8.72,34.88,3999.0,DISC10
1145,2,Airport,2025-10-09,502,Pen,7,5.49,38.43,3080.0,DISC10
1146,2,Airport,2025-10-05,505,Marker,3,9.79,29.37,2364.0,DISC10
1147,1,Downtown,2025-10-12,503,Stapler,5,3.35,16.75,2229.0,NONE
1148,3,Downtown,2025-10-01,502,Pen,10,4.37,43.7,3989.0,DISC10
1149,1,Downtown,2025-10-23,503,Stapler,6,2.62,15.72,4138.0,NONE
1150,3,Airport,2025-10-21,503,Stapler,10,7.09,70.9,2201.0,NONE
1151,1,Downtown,2025-10-18,505,Marker,7,6.43,45.01,4896.0,DISC10
1152,1,Downtown,2025-10-06,501,Notebook,7,4.5,31.5,2783.0,DISC10
1153,3,Downtown,2025-10-02,506,Highlighter,9,5.83,52.47,2266.0,NONE
1154,1,Downtown,2025-10-18,502,Pen,8,7.62,60.96,3061.0,DISC10
1155,3,Suburb,2025-10-04,505,Marker,7,12.84,89.88,3615.0,DISC5
1156,2,Airport,2025-10-07,501,Notebook,3,1.98,5.94,2022.0,DISC5
1157,3,Airport,2025-10-18,501,Notebook,8,12.05,96.4,4066.0,DISC10
1158,3,Downtown,2025-10-05,504,Folder,5,10.46,52.3,3723.0,NONE
1159,1,Downtown,2025-10-16,504,Folder,9,4.5,40.5,3921.0,DISC10
1160,2,Downtown,2025-10-17,502,Pen,7,7.83,54.81,2573.0,DISC10
1161,1,Suburb,2025-10-10,503,Stapler,6,14.83,88.98,3221.0,NONE
1162,2,Airport,2025-10-15,505,Marker,2,7.35,14.7,2128.0,NONE
1163,1,Suburb,2025-10-28,506,Highlighter,7,8.32,58.24,3916.0,NONE
1164,2,Downtown,2025-10-16,503,Stapler,3,11.79,35.37,3870.0,NONE
1165,2,Airport,2025-10-17,503,Stapler,1,4.84,4.84,3292.0,DISC10
1166,1,Downtown,2025-10-24,501,Notebook,2,7.16,14.32,4923.0,DISC5
1167,2,Suburb,2025-10-15,502,Pen,5,4.16,20.8,2440.0,DISC5
1168,1,Airport,2025-10-14,504,Folder,5,4.18,20.9,3339.0,DISC5
1169,3,Airport,2025-10-17,504,Folder,6,1.29,7.74,2906.0,DISC10
1170,3,Airport,2025-10-02,501,Notebook,10,7.3,73.0,2531.0,NONE
1171,1,Downtown,2025-10-26,503,Stapler,7,4.94,34.58,2258.0,DISC5
1172,3,Suburb,2025-10-07,505,Marker,6,3.56,21.36,2015.0,DISC5
1173,2,Downtown,2025-10-11,503,Stapler,8,11.43,91.44,2078.0,NONE
1174,2,Suburb,2025-10-28,506,Highlighter,4,1.84,7.36,2483.0,DISC5
1175,3,Downtown,2025-10-16,501,Notebook,10,14.97,149.7,4282.0,DISC5
1176,2,Airport,2025-10-09,503,Stapler,7,14.85,103.95,3608.0,NONE
1177,1,Suburb,2025-10-09,503,Stapler,6,2.85,17.1,3109.0,DISC10
1178,3,Suburb,2025-10-21,501,Notebook,6,5.09,30.54,3815.0,NONE
1179,1,Airport,2025-10-06,504,Folder,6,1.38,8.28,2322.0,NONE
1180,1,Suburb,2025-10-10,503,Stapler,6,5.9,35.4,3296.0,DISC10
1181,1,Suburb,2025-10-11,503,Stapler,1,4.57,4.57,4573.0,DISC5
1182,1,Suburb,2025-10-09,502,Pen,7,11.05,77.35,2468.0,DISC5
1183,3,Suburb,2025-10-18,503,Stapler,6,13.59,81.54,4727.0,DISC5
1184,2,Airport,2025-10-12,502,Pen,10,1.41,14.1,3963.0,NONE
1185,1,Downtown,2025-10-09,506,Highlighter,1,10.0,10.0,4747.0,DISC5
1186,3,Suburb,2025-10-10,503,Stapler,5,0.7,3.5,3925.0,DISC5
1187,2,Downtown,2025-10-23,506,Highlighter,4,14.19,56.76,2112.0,DISC5
1188,2,Airport,2025-10-22,504,Folder,4,14.87,59.48,4276.0,NONE
1189,3,Downtown,2025-10-11,502,Pen,5,4.69,23.45,3222.0,DISC10
1190,1,Airport,2025-10-13,504,Folder,1,10.14,10.14,2516.0,DISC5
1191,3,Suburb,2025-10-26,505,Marker,10,0.65,6.5,3345.0,DISC10
1192,2,Downtown,2025-10-19,503,Stapler,3,1.93,5.79,4697.0,DISC10
1193,1,Airport,2025-10-04,504,Folder,7,9.47,66.29,4047.0,DISC10
1194,2,Suburb,2025-10-13,501,Notebook,2,1.63,3.26,4803.0,DISC10
1195,2,Downtown,2025-10-05,506,Highlighter,9,13.45,121.05,4272.0,NONE
1196,1,Downtown,2025-10-02,503,Stapler,5,1.8,9.0,4972.0,DISC5
1197,2,Suburb,2025-10-27,505,Marker,10,5.95,59.5,2669.0,NONE
1198,3,Downtown,2025-10-16,502,Pen,8,2.79,22.32,4226.0,DISC10
1199,3,Downtown,2025-10-26,501,Notebook,2,6.58,13.16,2491.0,NONE
1200,2,Suburb,2025-10-18,505,Marker,7,4.8,33.6,4423.0,DISC5
1201,3,Airport,2025-10-06,501,Notebook,10,0.82,8.2,4761.0,DISC10
1202,3,Suburb,2025-10-28,504,Folder,9,8.78,79.02,3054.0,DISC10
1203,3,Airport,2025-10-24,505,Marker,9,14.54,130.86,4946.0,NONE
1204,1,Airport,2025-10-10,505,Marker,2,8.27,16.54,2393.0,DISC5
1205,3,Suburb,2025-10-16,505,Marker,10,10.72,107.2,3917.0,DISC10
1206,1,Downtown,2025-10-19,503,Stapler,2,3.65,7.3,3958.0,NONE
1207,3,Suburb,2025-10-22,504,Folder,6,4.79,28.74,3024.0,DISC10
1208,3,Airport,2025-10-21,501,Notebook,4,12.37,49.48,4672.0,NONE
1209,3,Suburb,2025-10-15,504,Folder,2,2.9,5.8,2174.0,DISC10
1210,1,Airport,2025-10-01,503,Stapler,10,1.41,14.1,4914.0,NONE
1211,3,Airport,2025-10-20,501,Notebook,6,4.75,28.5,3877.0,DISC5
1212,2,Airport,2025-10-02,503,Stapler,6,13.36,80.16,4522.0,DISC10
1213,3,Downtown,2025-10-28,503,Stapler,7,4.3,30.1,4919.0,DISC5
1214,1,Downtown,2025-10-22,503,Stapler,4,3.86,15.44,4254.0,NONE
1215,3,Downtown,2025-10-08,503,Stapler,7,5.13,35.91,2149.0,DISC10
1216,2,Airport,2025-10-19,504,Folder,2,14.93,29.86,3040.0,DISC10
1217,2,Downtown,2025-10-18,504,Folder,3,2.27,6.81,4669.0,NONE
1218,3,Airport,2025-10-21,506,Highlighter,5,7.04,35.2,3049.0,NONE
1219,2,Suburb,2025-10-16,504,Folder,3,8.01,24.03,2943.0,DISC5
1220,1,Downtown,2025-10-10,504,Folder,4,11.42,45.68,2210.0,DISC5
1221,2,Suburb,2025-10-11,503,Stapler,2,9.75,19.5,3410.0,DISC5
1222,3,Airport,2025-10-15,505,Marker,8,5.04,40.32,2662.0,NONE
1223,2,Airport,2025-10-20,503,Stapler,6,7.19,43.14,2728.0,NONE
1224,3,Suburb,2025-10-21,504,Folder,6,1.59,9.54,4283.0,DISC10
1225,2,Airport,2025-10-05,505,Marker,4,0.77,3.08,3222.0,DISC5
1226,3,Suburb,2025-10-06,505,Marker,5,14.15,70.75,4458.0,DISC10
1227,1,Downtown,2025-10-09,503,Stapler,9,4.65,41.85,3623.0,DISC10
1228,1,Suburb,2025-10-14,504,Folder,5,4.56,22.8,2467.0,NONE
1229,2,Downtown,2025-10-19,501,Notebook,4,13.81,55.24,3076.0,DISC5
1230,3,Suburb,2025-10-10,501,Notebook,4,2.46,9.84,2945.0,DISC10
1231,1,Downtown,2025-10-14,501,Notebook,3,12.91,38.73,2101.0,DISC5
1232,3,Airport,2025-10-15,504,Folder,5,3.33,16.65,4935.0,DISC10
1233,3,Airport,2025-10-05,501,Notebook,8,11.9,95.2,3631.0,DISC5
1234,2,Airport,2025-10-21,503,Stapler,8,3.83,30.64,2188.0,DISC5
1235,1,Downtown,2025-10-16,505,Marker,1,2.92,2.92,3346.0,NONE
1236,1,Suburb,2025-10-10,504,Folder,4,5.57,22.28,3027.0,DISC5
1237,1,Downtown,2025-10-25,506,Highlighter,2,4.02,8.04,4654.0,DISC5
1238,3,Airport,2025-10-08,502,Pen,5,3.37,16.85,3037.0,DISC5
1239,2,Airport,2025-10-18,501,Notebook,9,1.0,9.0,2285.0,DISC10
1240,3,Airport,2025-10-15,502,Pen,10,3.84,38.4,4712.0,NONE
1241,1,Downtown,2025-10-25,502,Pen,2,5.33,10.66,3585.0,DISC10
1242,3,Airport,2025-10-06,503,Stapler,10,5.41,54.1,3867.0,DISC5
1243,2,Airport,2025-10-23,502,Pen,4,6.33,25.32,4484.0,NONE
1244,1,Airport,2025-10-19,502,Pen,3,2.89,8.67,2543.0,NONE
1245,3,Airport,2025-10-19,502,Pen,10,7.53,75.3,4704.0,DISC10
1246,2,Downtown,2025-10-27,503,Stapler,2,5.6,11.2,2146.0,NONE
1247,2,Downtown,2025-10-21,502,Pen,5,14.29,71.45,4471.0,NONE
1248,2,Airport,2025-10-17,505,Marker,3,14.48,43.44,4906.0,DISC10
1249,1,Downtown,2025-10-10,506,Highlighter,10,7.8,78.0,2495.0,NONE
1250,3,Downtown,2025-10-14,501,Notebook,4,8.26,33.04,3103.0,NONE
1251,2,Suburb,2025-10-18,501,Notebook,1,13.53,13.53,2431.0,DISC5
1252,1,Suburb,2025-10-22,503,Stapler,4,4.68,18.72,2863.0,DISC5
1253,3,Airport,2025-10-16,504,Folder,3,7.24,21.72,3396.0,DISC10
1254,2,Airport,2025-10-15,506,Highlighter,2,6.81,13.62,4525.0,NONE
1255,3,Downtown,2025-10-12,503,Stapler,5,5.41,27.05,4656.0,DISC5
1256,1,Airport,2025-10-19,502,Pen,4,10.86,43.44,2437.0,NONE
1257,1,Downtown,2025-10-05,503,Stapler,7,2.66,18.62,2032.0,DISC10
1258,3,Downtown,2025-10-18,503,Stapler,10,1.0,10.0,4986.0,NONE
1259,1,Downtown,2025-10-20,503,Stapler,9,10.48,94.32,4565.0,NONE
1260,3,Suburb,2025-10-05,503,Stapler,2,9.12,18.24,4138.0,NONE
1261,3,Downtown,2025-10-01,505,Marker,1,2.04,2.04,4325.0,DISC5
1262,1,Airport,2025-10-22,505,Marker,5,10.81,54.05,3086.0,DISC10
1263,3,Suburb,2025-10-28,504,Folder,5,4.97,24.85,4905.0,DISC5
1264,1,Airport,2025-10-04,504,Folder,10,13.94,139.4,4742.0,DISC10
1265,2,Airport,2025-10-19,502,Pen,10,8.5,85.0,2767.0,NONE
1266,1,Suburb,2025-10-15,502,Pen,8,8.77,70.16,3387.0,NONE
1267,2,Suburb,2025-10-13,505,Marker,8,13.94,111.52,4257.0,DISC10
1268,3,Airport,2025-10-20,502,Pen,2,11.18,22.36,3689.0,DISC10
1269,2,Airport,2025-10-14,502,Pen,10,5.74,57.4,4802.0,NONE
1270,1,Suburb,2025-10-10,506,Highlighter,9,2.93,26.37,2846.0,DISC10
1271,3,Airport,2025-10-21,501,Notebook,4,7.1,28.4,4660.0,DISC5
1272,2,Downtown,2025-10-07,501,Notebook,6,13.4,80.4,4730.0,NONE
1273,1,Downtown,2025-10-19,502,Pen,10,3.37,33.7,2431.0,DISC10
1274,3,Downtown,2025-10-14,506,Highlighter,8,8.42,67.36,3949.0,NONE
1275,2,Airport,2025-10-16,502,Pen,5,8.38,41.9,4679.0,NONE
1276,1,Downtown,2025-10-06,503,Stapler,8,12.0,96.0,3249.0,DISC5
1277,3,Suburb,2025-10-20,503,Stapler,6,13.44,80.64,3708.0,DISC10
1278,2,Downtown,2025-10-24,501,Notebook,9,9.77,87.93,2830.0,DISC5
1279,3,Downtown,2025-10-26,504,Folder,5,8.37,41.85,3659.0,NONE
1280,3,Airport,2025-10-17,506,Highlighter,8,8.76,70.08,2407.0,DISC5
1281,2,Airport,2025-10-13,502,Pen,10,14.43,144.3,4851.0,DISC10
1282,2,Suburb,2025-10-28,502,Pen,9,4.83,43.47,4800.0,DISC5
1283,1,Suburb,2025-10-18,503,Stapler,6,11.76,70.56,3782.0,DISC5
1284,1,Suburb,2025-10-24,504,Folder,8,2.94,23.52,2353.0,DISC10
1285,3,Airport,2025-10-16,504,Folder,7,11.06,77.42,4458.0,DISC10
1286,2,Downtown,2025-10-06,503,Stapler,2,7.24,14.48,4623.0,DISC10
1287,2,Airport,2025-10-18,501,Notebook,6,4.76,28.56,4220.0,DISC10
1288,3,Downtown,2025-10-17,501,Notebook,3,5.85,17.55,4603.0,DISC10
1289,1,Suburb,2025-10-20,501,Notebook,4,2.56,10.24,2047.0,DISC5
1290,1,Downtown,2025-10-08,506,Highlighter,9,10.58,95.22,3839.0,NONE
1291,3,Airport,2025-10-11,501,Notebook,9,1.43,12.87,4818.0,DISC10
1292,2,Airport,2025-10-05,503,Stapler,10,5.39,53.9,3817.0,NONE
1293,3,Downtown,2025-10-13,501,Notebook,7,2.62,18.34,3700.0,DISC5
1294,3,Downtown,2025-10-15,506,Highlighter,8,9.2,73.6,3194.0,DISC10
1295,3,Downtown,2025-10-15,504,Folder,5,2.37,11.85,3395.0,NONE
1296,2,Downtown,2025-10-26,504,Folder,3,8.18,24.54,3003.0,NONE
1297,2,Suburb,2025-10-19,506,Highlighter,3,12.65,37.95,2322.0,NONE
1298,3,Suburb,2025-10-27,501,Notebook,7,4.95,34.65,3606.0,NONE
1299,2,Airport,2025-10-21,502,Pen,1,0.53,0.53,4448.0,DISC5
1300,2,Airport,2025-10-09,502,Pen,9,7.57,68.13,2053.0,DISC10
1301,3,Airport,2025-10-13,504,Folder,9,3.02,27.18,2552.0,DISC5
1302,2,Downtown,2025-10-04,506,Highlighter,10,11.74,117.4,2936.0,NONE
1303,1,Downtown,2025-10-12,502,Pen,7,14.43,101.01,3370.0,NONE
1304,3,Downtown,2025-10-02,506,Highlighter,8,5.9,47.2,4598.0,DISC10
1305,1,Airport,2025-10-28,504,Folder,1,6.18,6.18,4000.0,NONE
1306,2,Airport,2025-10-17,501,Notebook,3,14.99,44.97,2878.0,DISC10
1307,2,Airport,2025-10-07,506,Highlighter,6,1.69,10.14,4820.0,NONE
1308,2,Downtown,2025-10-10,505,Marker,6,13.95,83.7,4556.0,NONE
1309,1,Suburb,2025-10-11,505,Marker,10,9.88,98.8,4615.0,NONE
1310,1,Downtown,2025-10-05,501,Notebook,5,4.38,21.9,3305.0,DISC5
1311,3,Downtown,2025-10-02,505,Marker,7,12.24,85.68,3534.0,DISC5
1312,3,Airport,2025-10-18,504,Folder,7,8.25,57.75,3983.0,DISC5
1313,1,Suburb,2025-10-20,502,Pen,3,6.95,20.85,3774.0,DISC10
1314,1,Airport,2025-10-13,501,Notebook,1,14.3,14.3,2793.0,DISC5
1315,1,Suburb,2025-10-15,504,Folder,3,5.53,16.59,4969.0,NONE
1316,2,Suburb,2025-10-01,504,Folder,4,8.31,33.24,3702.0,NONE
1317,3,Suburb,2025-10-01,506,Highlighter,1,3.0,3.0,3257.0,NONE
1318,2,Suburb,2025-10-19,504,Folder,3,4.87,14.61,4015.0,DISC5
1319,2,Downtown,2025-10-25,505,Marker,10,5.55,55.5,3704.0,NONE
1320,3,Downtown,2025-10-17,504,Folder,10,3.84,38.4,2526.0,DISC10
1321,3,Downtown,2025-10-11,501,Notebook,3,7.82,23.46,3453.0,DISC10
1322,1,Downtown,2025-10-21,505,Marker,10,2.5,25.0,2041.0,DISC5
1323,3,Airport,2025-10-09,506,Highlighter,3,9.27,27.81,3780.0,DISC10
1324,3,Suburb,2025-10-13,505,Marker,8,12.97,103.76,4856.0,NONE
1325,2,Downtown,2025-10-22,502,Pen,3,10.78,32.34,2084.0,DISC10
1326,2,Airport,2025-10-01,505,Marker,7,3.03,21.21,4534.0,DISC10
1327,3,Downtown,2025-10-21,501,Notebook,8,11.88,95.04,4894.0,DISC5
1328,3,Airport,2025-10-10,503,Stapler,5,10.32,51.6,4862.0,DISC10
1329,1,Suburb,2025-10-22,504,Folder,4,2.84,11.36,4507.0,NONE
1330,1,Suburb,2025-10-10,506,Highlighter,3,9.98,29.94,3541.0,DISC5
1331,1,Suburb,2025-10-09,504,Folder,2,3.46,6.92,3040.0,DISC10
1332,2,Suburb,2025-10-20,506,Highlighter,3,12.29,36.87,4229.0,NONE
1333,1,Downtown,2025-10-16,503,Stapler,5,7.1,35.5,4542.0,DISC10
1334,3,Airport,2025-10-02,502,Pen,2,7.87,15.74,4880.0,NONE
1335,3,Suburb,2025-10-18,501,Notebook,9,1.21,10.89,4353.0,DISC5
1336,2,Suburb,2025-10-09,505,Marker,3,9.55,28.65,4487.0,NONE
1337,3,Airport,2025-10-16,502,Pen,6,12.52,75.12,3189.0,DISC5
1338,3,Suburb,2025-10-03,506,Highlighter,1,11.57,11.57,3077.0,NONE
1339,1,Airport,2025-10-16,503,Stapler,3,14.43,43.29,4796.0,DISC5
1340,3,Suburb,2025-10-15,506,Highlighter,7,3.07,21.49,2022.0,DISC10
1341,1,Downtown,2025-10-19,506,Highlighter,2,13.94,27.88,2629.0,DISC5
1342,3,Suburb,2025-10-28,502,Pen,8,6.46,51.68,2325.0,DISC10
1343,2,Suburb,2025-10-22,503,Stapler,6,11.54,69.24,4959.0,DISC5
1344,3,Downtown,2025-10-28,501,Notebook,4,3.81,15.24,2088.0,NONE
1345,2,Downtown,2025-10-20,504,Folder,10,11.92,119.2,4298.0,DISC10
1346,3,Suburb,2025-10-28,502,Pen,7,5.08,35.56,3214.0,DISC10
1347,2,Downtown,2025-10-13,505,Marker,2,12.87,25.74,3937.0,NONE
1348,1,Airport,2025-10-20,501,Notebook,8,3.04,24.32,4563.0,DISC5
1349,2,Airport,2025-10-05,501,Notebook,1,13.98,13.98,3261.0,DISC10
1350,2,Downtown,2025-10-25,504,Folder,8,3.62,28.96,2090.0,DISC10
1351,1,Airport,2025-10-14,501,Notebook,5,2.4,12.0,2893.0,NONE
1352,3,Downtown,2025-10-26,503,Stapler,2,14.88,29.76,3676.0,DISC5
1353,3,Downtown,2025-10-21,506,Highlighter,2,14.04,28.08,4607.0,NONE
1354,3,Suburb,2025-10-24,506,Highlighter,3,7.81,23.43,2174.0,NONE
1355,2,Suburb,2025-10-12,502,Pen,5,5.95,29.75,3464.0,DISC10
1356,3,Airport,2025-10-23,506,Highlighter,2,2.37,4.74,4401.0,DISC10
1357,2,Downtown,2025-10-13,505,Marker,6,1.03,6.18,2618.0,DISC10
1358,1,Airport,2025-10-26,502,Pen,3,5.67,17.01,2630.0,DISC5
1359,3,Downtown,2025-10-03,506,Highlighter,9,9.09,81.81,2792.0,DISC10
1360,1,Downtown,2025-10-13,502,Pen,10,0.6,6.0,2422.0,DISC10
1361,1,Downtown,2025-10-04,503,Stapler,6,14.97,89.82,2091.0,DISC5
1362,1,Airport,2025-10-08,504,Folder,9,1.04,9.36,4894.0,NONE
1363,1,Suburb,2025-10-22,502,Pen,3,5.31,15.93,4020.0,DISC5
1364,2,Suburb,2025-10-11,504,Folder,2,10.19,20.38,2537.0,DISC10
1365,3,Airport,2025-10-23,501,Notebook,8,1.27,10.16,4446.0,DISC5
1366,3,Downtown,2025-10-24,504,Folder,7,5.75,40.25,4229.0,DISC5
1367,2,Airport,2025-10-01,503,Stapler,8,5.88,47.04,4187.0,NONE
1368,3,Airport,2025-10-09,503,Stapler,8,6.88,55.04,4043.0,DISC5
1369,1,Airport,2025-10-20,505,Marker,9,6.86,61.74,4260.0,NONE
1370,1,Airport,2025-10-22,505,Marker,2,6.54,13.08,4389.0,NONE
1371,1,Suburb,2025-10-22,505,Marker,10,9.54,95.4,2560.0,NONE
1372,3,Airport,2025-10-14,501,Notebook,9,6.88,61.92,4586.0,DISC10
1373,1,Airport,2025-10-18,504,Folder,2,9.9,19.8,4616.0,NONE
1374,3,Downtown,2025-10-05,503,Stapler,7,11.12,77.84,4677.0,NONE
1375,1,Airport,2025-10-01,502,Pen,9,14.79,133.11,4794.0,DISC10
1376,3,Downtown,2025-10-18,506,Highlighter,6,7.87,47.22,3023.0,DISC10
1377,3,Downtown,2025-10-25,506,Highlighter,9,8.83,79.47,2440.0,NONE
1378,3,Airport,2025-10-16,504,Folder,1,9.8,9.8,3748.0,NONE
1379,2,Downtown,2025-10-04,506,Highlighter,3,8.59,25.77,4733.0,DISC10
1380,1,Downtown,2025-10-09,502,Pen,1,7.0,7.0,2663.0,DISC10
1381,2,Airport,2025-10-16,504,Folder,2,6.12,12.24,4299.0,NONE
1382,3,Suburb,2025-10-13,503,Stapler,3,11.15,33.45,3158.0,DISC5
1383,1,Downtown,2025-10-27,506,Highlighter,6,3.93,23.58,4778.0,DISC5
1384,3,Airport,2025-10-03,503,Stapler,10,10.25,102.5,3965.0,DISC10
1385,2,Suburb,2025-10-28,503,Stapler,4,13.93,55.72,3704.0,DISC5
1386,2,Downtown,2025-10-18,506,Highlighter,10,5.87,58.7,4222.0,DISC10
1387,1,Airport,2025-10-20,505,Marker,8,10.29,82.32,3591.0,DISC5
1388,3,Downtown,2025-10-12,506,Highlighter,10,14.35,143.5,2604.0,DISC5
1389,3,Suburb,2025-10-17,505,Marker,10,7.51,75.1,2662.0,DISC10
1390,2,Airport,2025-10-03,506,Highlighter,10,6.32,63.2,4037.0,DISC5
1391,2,Suburb,2025-10-26,502,Pen,4,13.87,55.48,2130.0,DISC5
1392,1,Downtown,2025-10-10,502,Pen,4,4.71,18.84,3635.0,DISC10
1393,3,Downtown,2025-10-01,506,Highlighter,7,5.29,37.03,4813.0,DISC5
1394,3,Airport,2025-10-23,502,Pen,10,14.81,148.1,2128.0,NONE
1395,2,Suburb,2025-10-16,506,Highlighter,10,1.92,19.2,3523.0,DISC10
1396,2,Airport,2025-10-26,505,Marker,8,8.74,69.92,3016.0,DISC10
1397,2,Airport,2025-10-08,501,Notebook,2,3.0,6.0,2834.0,NONE
1398,3,Airport,2025-10-26,505,Marker,9,12.84,115.56,4667.0,NONE
1399,3,Airport,2025-10-02,506,Highlighter,4,3.86,15.44,4441.0,NONE
1400,1,Airport,2025-10-04,506,Highlighter,9,6.31,56.79,4432.0,DISC10
1401,3,Suburb,2025-10-10,501,Notebook,6,6.28,37.68,3719.0,DISC5
1402,1,Airport,2025-10-02,503,Stapler,4,13.81,55.24,2533.0,NONE
1403,1,Airport,2025-10-03,501,Notebook,6,13.59,81.54,4945.0,DISC10
1404,1,Downtown,2025-10-16,503,Stapler,5,10.55,52.75,4914.0,DISC5
1405,2,Suburb,2025-10-03,504,Folder,3,11.25,33.75,4426.0,NONE
1406,3,Airport,2025-10-04,504,Folder,4,9.72,38.88,4505.0,DISC10
1407,1,Airport,2025-10-22,504,Folder,6,6.94,41.64,4225.0,DISC10
1408,1,Airport,2025-10-21,505,Marker,6,8.2,49.2,3149.0,NONE
1409,2,Suburb,2025-10-13,502,Pen,2,14.18,28.36,3549.0,DISC5
1410,2,Suburb,2025-10-23,506,Highlighter,1,10.47,10.47,4032.0,DISC10
1411,2,Downtown,2025-10-24,501,Notebook,1,3.54,3.54,3741.0,NONE
1412,1,Airport,2025-10-14,506,Highlighter,2,1.99,3.98,2707.0,DISC10
1413,2,Suburb,2025-10-26,506,Highlighter,10,13.64,136.4,3701.0,DISC5
1414,3,Downtown,2025-10-27,503,Stapler,10,4.51,45.1,4944.0,NONE
1415,1,Suburb,2025-10-20,505,Marker,4,14.63,58.52,2291.0,NONE
1416,2,Suburb,2025-10-09,502,Pen,8,13.57,108.56,2608.0,DISC5
1417,1,Airport,2025-10-12,501,Notebook,9,7.36,66.24,2714.0,DISC10
1418,3,Downtown,2025-10-18,504,Folder,1,8.58,8.58,4291.0,DISC10
1419,1,Airport,2025-10-23,504,Folder,8,4.55,36.4,4491.0,DISC10
1420,1,Airport,2025-10-07,506,Highlighter,9,0.59,5.31,2064.0,DISC5
1421,1,Airport,2025-10-14,503,Stapler,9,3.13,28.17,3852.0,DISC10
1422,1,Downtown,2025-10-21,505,Marker,3,12.52,37.56,4289.0,DISC10
1423,2,Airport,2025-10-14,504,Folder,9,11.6,104.4,2440.0,DISC5
1424,3,Suburb,2025-10-16,501,Notebook,10,3.26,32.6,3680.0,DISC10
1425,3,Downtown,2025-10-22,501,Notebook,3,8.28,24.84,3012.0,DISC10
1426,1,Downtown,2025-10-25,504,Folder,3,9.16,27.48,3458.0,DISC10
1427,3,Downtown,2025-10-09,504,Folder,2,7.8,15.6,3403.0,DISC5
1428,1,Downtown,2025-10-09,505,Marker,3,13.15,39.45,3509.0,DISC5
1429,1,Airport,2025-10-10,503,Stapler,1,6.23,6.23,2028.0,DISC5
1430,1,Suburb,2025-10-22,503,Stapler,10,4.34,43.4,3525.0,DISC5
1431,2,Airport,2025-10-06,504,Folder,4,4.1,16.4,4362.0,DISC10
1432,3,Airport,2025-10-07,505,Marker,9,14.03,126.27,2360.0,DISC10
1433,3,Suburb,2025-10-04,502,Pen,9,2.87,25.83,2170.0,NONE
1434,2,Suburb,2025-10-21,504,Folder,2,5.52,11.04,4661.0,DISC5
1435,2,Downtown,2025-10-13,504,Folder,4,10.35,41.4,3077.0,NONE
1436,2,Downtown,2025-10-13,504,Folder,9,14.38,129.42,4795.0,NONE
1437,1,Downtown,2025-10-23,503,Stapler,10,10.16,101.6,4094.0,NONE
1438,1,Suburb,2025-10-21,505,Marker,2,8.92,17.84,3889.0,NONE
1439,1,Downtown,2025-10-14,506,Highlighter,7,5.03,35.21,4963.0,NONE
1440,3,Airport,2025-10-21,503,Stapler,1,5.8,5.8,4218.0,DISC5
1441,1,Suburb,2025-10-19,502,Pen,8,6.67,53.36,3380.0,DISC10
1442,2,Suburb,2025-10-24,503,Stapler,6,10.63,63.78,4206.0,DISC5
1443,1,Downtown,2025-10-18,502,Pen,8,3.82,30.56,3331.0,NONE
1444,2,Suburb,2025-10-25,505,Marker,7,6.45,45.15,4395.0,DISC5
1445,2,Airport,2025-10-03,501,Notebook,1,8.7,8.7,3163.0,DISC5
1446,3,Suburb,2025-10-07,501,Notebook,9,13.02,117.18,3392.0,DISC5
1447,1,Suburb,2025-10-12,501,Notebook,4,9.7,38.8,2353.0,DISC5
1448,1,Suburb,2025-10-11,505,Marker,9,9.24,83.16,3099.0,NONE
1449,1,Airport,2025-10-11,505,Marker,7,9.18,64.26,3922.0,DISC5
1450,2,Suburb,2025-10-26,502,Pen,6,14.64,87.84,2319.0,DISC5
1451,1,Airport,2025-10-24,504,Folder,9,12.58,113.22,4180.0,NONE
1452,3,Airport,2025-10-18,501,Notebook,3,7.67,23.01,4774.0,DISC10
1453,1,Airport,2025-10-14,502,Pen,10,8.13,81.3,4738.0,DISC5
1454,2,Downtown,2025-10-17,504,Folder,6,5.1,30.6,2536.0,DISC5
1455,2,Suburb,2025-10-26,503,Stapler,9,3.46,31.14,4429.0,DISC5
1456,3,Suburb,2025-10-07,503,Stapler,2,3.18,6.36,3812.0,NONE
1457,1,Downtown,2025-10-07,506,Highlighter,9,6.3,56.7,4269.0,DISC10
1458,2,Downtown,2025-10-04,506,Highlighter,3,1.64,4.92,3716.0,DISC5
1459,3,Airport,2025-10-11,502,Pen,5,1.15,5.75,4277.0,DISC5
1460,1,Downtown,2025-10-11,505,Marker,1,3.02,3.02,4118.0,DISC5
1461,2,Downtown,2025-10-07,504,Folder,4,9.56,38.24,2711.0,DISC5
1462,2,Airport,2025-10-15,501,Notebook,2,2.85,5.7,3789.0,NONE
1463,2,Airport,2025-10-11,504,Folder,4,8.68,34.72,4243.0,DISC10
1464,1,Airport,2025-10-21,506,Highlighter,6,13.86,83.16,4388.0,DISC5
1465,2,Airport,2025-10-24,505,Marker,2,9.19,18.38,2863.0,DISC5
1466,1,Suburb,2025-10-25,504,Folder,3,6.41,19.23,3201.0,DISC5
1467,3,Suburb,2025-10-03,503,Stapler,3,7.75,23.25,2632.0,DISC10
1468,2,Downtown,2025-10-05,502,Pen,3,13.79,41.37,3045.0,NONE
1469,2,Airport,2025-10-04,502,Pen,5,3.47,17.35,2619.0,NONE
1470,3,Suburb,2025-10-19,503,Stapler,6,1.92,11.52,2967.0,NONE
1471,1,Suburb,2025-10-23,505,Marker,3,11.41,34.23,4950.0,NONE
1472,3,Airport,2025-10-08,506,Highlighter,3,0.83,2.49,4305.0,NONE
1473,2,Suburb,2025-10-19,504,Folder,10,13.96,139.6,4300.0,NONE
1474,2,Suburb,2025-10-13,501,Notebook,8,7.58,60.64,4173.0,NONE
1475,2,Suburb,2025-10-13,506,Highlighter,1,9.67,9.67,3595.0,DISC10
1476,3,Airport,2025-10-27,503,Stapler,8,5.59,44.72,4784.0,DISC10
1477,3,Airport,2025-10-07,504,Folder,6,4.36,26.16,2841.0,DISC10
1478,1,Downtown,2025-10-19,504,Folder,3,2.44,7.32,3566.0,DISC10
1479,3,Suburb,2025-10-22,506,Highlighter,2,1.5,3.0,4543.0,NONE
1480,1,Downtown,2025-10-02,503,Stapler,4,6.66,26.64,3425.0,DISC5
1481,2,Airport,2025-10-28,504,Folder,3,14.9,44.7,4234.0,DISC10
1482,3,Suburb,2025-10-07,501,Notebook,6,0.75,4.5,3925.0,DISC10
1483,3,Suburb,2025-10-21,503,Stapler,2,7.04,14.08,2642.0,NONE
1484,1,Downtown,2025-10-25,503,Stapler,9,6.75,60.75,4309.0,NONE
1485,3,Airport,2025-10-13,505,Marker,8,10.38,83.04,3040.0,NONE
1486,1,Airport,2025-10-05,505,Marker,8,13.49,107.92,3277.0,DISC10
1487,3,Airport,2025-10-15,504,Folder,5,1.7,8.5,4503.0,NONE
1488,1,Airport,2025-10-10,506,Highlighter,6,4.48,26.88,4705.0,NONE
1489,3,Downtown,2025-10-10,503,Stapler,9,1.05,9.45,4869.0,DISC10
1490,2,Suburb,2025-10-19,503,Stapler,4,3.19,12.76,2485.0,NONE
1491,3,Airport,2025-10-27,502,Pen,2,13.05,26.1,4911.0,DISC10
1492,1,Airport,2025-10-13,506,Highlighter,9,9.54,85.86,2293.0,NONE
1493,3,Suburb,2025-10-26,503,Stapler,4,10.65,42.6,4457.0,DISC10
1494,2,Airport,2025-10-26,503,Stapler,8,10.63,85.04,4938.0,DISC10
1495,3,Suburb,2025-10-08,505,Marker,2,4.86,9.72,3289.0,DISC10
1496,2,Airport,2025-10-04,506,Highlighter,5,7.98,39.9,3980.0,NONE
1497,1,Airport,2025-10-10,504,Folder,5,3.99,19.95,3372.0,NONE
1498,3,Downtown,2025-10-07,506,Highlighter,6,5.63,33.78,3710.0,DISC5
1499,3,Downtown,2025-10-19,503,Stapler,5,7.4,37.0,2467.0,DISC5
1500,2,Suburb,2025-10-13,506,Highlighter,5,6.8,34.0,2704.0,NONE
1501,2,Airport,2025-10-26,503,Stapler,6,3.68,22.08,4032.0,DISC5
1502,1,Suburb,2025-10-02,503,Stapler,2,12.23,24.46,2980.0,NONE
1503,1,Downtown,2025-10-09,505,Marker,2,0.67,1.34,4404.0,DISC10
1504,1,Suburb,2025-10-17,502,Pen,9,11.52,103.68,2694.0,NONE
1505,3,Suburb,2025-10-14,505,Marker,5,12.35,61.75,3421.0,NONE
1506,1,Downtown,2025-10-28,503,Stapler,6,12.29,73.74,4867.0,DISC10
1507,3,Downtown,2025-10-22,506,Highlighter,8,13.7,109.6,3973.0,DISC10
1508,1,Suburb,2025-10-12,502,Pen,5,9.82,49.1,3215.0,NONE
1509,2,Suburb,2025-10-04,505,Marker,6,2.2,13.2,3186.0,NONE
1510,3,Suburb,2025-10-12,505,Marker,3,4.25,12.75,2967.0,DISC5
1511,2,Downtown,2025-10-28,505,Marker,5,5.99,29.95,3153.0,DISC10
1512,1,Airport,2025-10-03,506,Highlighter,10,6.73,67.3,4620.0,DISC10
1513,3,Downtown,2025-10-06,502,Pen,9,5.77,51.93,3447.0,DISC5
1514,3,Downtown,2025-10-02,501,Notebook,7,11.15,78.05,4044.0,NONE
1515,2,Downtown,2025-10-07,501,Notebook,4,11.21,44.84,4309.0,NONE
1516,3,Airport,2025-10-07,506,Highlighter,7,9.72,68.04,4836.0,DISC5
1517,2,Downtown,2025-10-24,506,Highlighter,8,13.25,106.0,2289.0,DISC10
1518,1,Suburb,2025-10-19,501,Notebook,10,10.18,101.8,3304.0,DISC10
1519,1,Suburb,2025-10-10,504,Folder,2,4.2,8.4,3204.0,DISC10
1520,3,Airport,2025-10-25,503,Stapler,3,13.23,39.69,2717.0,NONE
1521,2,Downtown,2025-10-19,502,Pen,4,7.47,29.88,3321.0,DISC5
1522,2,Suburb,2025-10-03,501,Notebook,5,2.79,13.95,4038.0,DISC5
1523,1,Airport,2025-10-08,504,Folder,4,7.27,29.08,3497.0,DISC5
1524,3,Suburb,2025-10-21,501,Notebook,1,8.63,8.63,2697.0,NONE
1525,3,Downtown,2025-10-10,502,Pen,8,3.22,25.76,2348.0,DISC5
1526,1,Suburb,2025-10-13,505,Marker,9,12.28,110.52,4319.0,DISC5
1527,2,Suburb,2025-10-02,503,Stapler,1,0.65,0.65,4507.0,DISC10
1528,3,Suburb,2025-10-10,502,Pen,8,3.29,26.32,4139.0,DISC5
1529,3,Airport,2025-10-24,504,Folder,7,1.59,11.13,3942.0,NONE
1530,2,Suburb,2025-10-11,501,Notebook,7,4.29,30.03,3943.0,NONE
1531,1,Downtown,2025-10-05,501,Notebook,10,14.21,142.1,3768.0,DISC10
1532,1,Airport,2025-10-08,505,Marker,4,5.53,22.12,3209.0,DISC10
1533,2,Downtown,2025-10-02,502,Pen,8,11.19,89.52,3707.0,NONE
1534,2,Suburb,2025-10-04,505,Marker,2,4.9,9.8,3691.0,NONE
1535,2,Suburb,2025-10-02,502,Pen,10,7.98,79.8,4159.0,NONE
1536,2,Suburb,2025-10-16,503,Stapler,4,14.33,57.32,2255.0,DISC5
1537,1,Downtown,2025-10-03,502,Pen,10,9.55,95.5,3023.0,DISC10
1538,2,Airport,2025-10-24,503,Stapler,9,3.76,33.84,2947.0,NONE
1539,2,Downtown,2025-10-01,504,Folder,4,11.96,47.84,3839.0,DISC5
1540,2,Downtown,2025-10-28,503,Stapler,4,14.73,58.92,4202.0,DISC10
1541,1,Suburb,2025-10-20,502,Pen,9,12.61,113.49,3119.0,NONE
1542,3,Downtown,2025-10-05,502,Pen,4,2.81,11.24,4647.0,DISC5
1543,3,Downtown,2025-10-22,505,Marker,5,1.48,7.4,4920.0,NONE
1544,3,Airport,2025-10-25,502,Pen,10,2.73,27.3,4002.0,NONE
1545,3,Suburb,2025-10-28,503,Stapler,1,3.03,3.03,2012.0,DISC10
1546,1,Airport,2025-10-05,506,Highlighter,10,4.88,48.8,4696.0,DISC5
1547,2,Downtown,2025-10-24,501,Notebook,4,0.82,3.28,3027.0,DISC5
1548,3,Downtown,2025-10-20,504,Folder,5,7.0,35.0,2472.0,DISC10
1549,3,Downtown,2025-10-02,505,Marker,9,12.57,113.13,4754.0,NONE
1550,2,Airport,2025-10-04,502,Pen,10,14.17,141.7,4967.0,DISC10
1551,1,Downtown,2025-10-01,503,Stapler,10,8.97,89.7,2710.0,DISC10
1552,3,Downtown,2025-10-24,505,Marker,2,3.41,6.82,2876.0,DISC10
1553,1,Suburb,2025-10-26,506,Highlighter,1,9.38,9.38,4709.0,NONE
1554,3,Suburb,2025-10-25,503,Stapler,3,10.48,31.44,4291.0,NONE
1555,3,Downtown,2025-10-28,505,Marker,5,1.02,5.1,3003.0,NONE
1556,3,Suburb,2025-10-01,501,Notebook,5,7.81,39.05,2648.0,NONE
1557,1,Suburb,2025-10-11,503,Stapler,1,10.5,10.5,2332.0,NONE
1558,2,Suburb,2025-10-02,505,Marker,4,2.84,11.36,3224.0,DISC10
1559,2,Suburb,2025-10-25,503,Stapler,5,3.1,15.5,3588.0,DISC5
1560,1,Airport,2025-10-08,502,Pen,3,2.47,7.41,4679.0,NONE
1561,1,Downtown,2025-10-05,504,Folder,3,8.32,24.96,3255.0,DISC5
1562,2,Airport,2025-10-06,503,Stapler,10,12.83,128.3,2715.0,DISC5
1563,1,Downtown,2025-10-18,502,Pen,3,1.93,5.79,4292.0,DISC10
1564,1,Airport,2025-10-28,501,Notebook,3,10.9,32.7,3003.0,NONE
1565,1,Downtown,2025-10-14,503,Stapler,7,7.46,52.22,4586.0,DISC5
1566,1,Suburb,2025-10-22,501,Notebook,3,12.21,36.63,2105.0,NONE
1567,3,Suburb,2025-10-02,504,Folder,8,12.57,100.56,4168.0,DISC10
1568,1,Downtown,2025-10-17,505,Marker,4,1.04,4.16,4795.0,DISC5
1569,2,Suburb,2025-10-11,503,Stapler,6,6.6,39.6,2456.0,NONE
1570,1,Suburb,2025-10-16,501,Notebook,4,14.17,56.68,2190.0,DISC5
1571,2,Airport,2025-10-28,503,Stapler,10,7.83,78.3,4402.0,NONE
1572,3,Airport,2025-10-24,505,Marker,4,7.84,31.36,4339.0,DISC5
1573,1,Airport,2025-10-02,505,Marker,2,6.98,13.96,2294.0,DISC10
1574,2,Suburb,2025-10-20,502,Pen,3,4.92,14.76,4249.0,DISC10
1575,3,Airport,2025-10-02,506,Highlighter,4,6.32,25.28,3008.0,NONE
1576,3,Suburb,2025-10-24,501,Notebook,8,8.82,70.56,3182.0,DISC5
1577,3,Suburb,2025-10-03,505,Marker,2,8.49,16.98,3552.0,DISC10
1578,1,Airport,2025-10-10,505,Marker,1,4.43,4.43,2316.0,NONE
1579,1,Suburb,2025-10-23,506,Highlighter,9,7.19,64.71,3313.0,DISC10
1580,2,Downtown,2025-10-24,506,Highlighter,8,7.0,56.0,2597.0,DISC10
1581,3,Suburb,2025-10-18,504,Folder,8,11.75,94.0,4540.0,NONE
1582,3,Downtown,2025-10-05,503,Stapler,10,5.83,58.3,3235.0,DISC5
1583,1,Suburb,2025-10-19,504,Folder,1,5.77,5.77,4246.0,DISC5
1584,3,Downtown,2025-10-01,502,Pen,9,8.09,72.81,2233.0,NONE
1585,2,Downtown,2025-10-25,502,Pen,8,1.18,9.44,2915.0,NONE
1586,1,Suburb,2025-10-08,505,Marker,2,9.54,19.08,2714.0,DISC5
1587,2,Suburb,2025-10-22,504,Folder,1,13.48,13.48,4535.0,DISC10
1588,2,Downtown,2025-10-12,502,Pen,3,13.66,40.98,2248.0,NONE
1589,1,Suburb,2025-10-08,501,Notebook,6,2.07,12.42,2379.0,DISC10
1590,3,Suburb,2025-10-09,503,Stapler,3,7.97,23.91,3690.0,DISC10
1591,1,Suburb,2025-10-01,502,Pen,9,0.84,7.56,3355.0,DISC10
1592,1,Airport,2025-10-02,501,Notebook,10,0.9,9.0,2830.0,DISC10
1593,1,Suburb,2025-10-24,502,Pen,4,1.33,5.32,2643.0,NONE
1594,2,Suburb,2025-10-22,502,Pen,10,2.57,25.7,4067.0,NONE
1595,2,Airport,2025-10-11,502,Pen,5,5.56,27.8,4230.0,DISC10
1596,2,Downtown,2025-10-10,502,Pen,10,9.41,94.1,2612.0,NONE
1597,3,Downtown,2025-10-24,503,Stapler,3,14.96,44.88,2657.0,DISC5
1598,1,Suburb,2025-10-27,506,Highlighter,9,11.23,101.07,4774.0,NONE
1599,1,Suburb,2025-10-19,501,Notebook,10,10.88,108.8,2317.0,DISC10
1600,3,Suburb,2025-10-14,501,Notebook,10,11.09,110.9,4624.0,NONE
1601,2,Downtown,2025-10-19,501,Notebook,1,14.21,14.21,4600.0,DISC10
1602,2,Airport,2025-10-11,502,Pen,3,3.33,9.99,3630.0,NONE
1603,1,Airport,2025-10-07,502,Pen,1,10.8,10.8,4079.0,NONE
1604,3,Suburb,2025-10-24,503,Stapler,7,11.44,80.08,4428.0,DISC5
1605,3,Suburb,2025-10-05,506,Highlighter,10,13.16,131.6,2497.0,NONE
1606,3,Suburb,2025-10-23,506,Highlighter,1,2.23,2.23,2963.0,DISC10
1607,3,Downtown,2025-10-23,501,Notebook,10,13.62,136.2,2986.0,DISC10
1608,2,Downtown,2025-10-12,504,Folder,8,1.56,12.48,3708.0,DISC5
1609,2,Airport,2025-10-16,503,Stapler,2,7.92,15.84,3116.0,DISC10
1610,2,Downtown,2025-10-18,501,Notebook,10,0.96,9.6,2705.0,DISC5
1611,1,Airport,2025-10-14,502,Pen,7,7.8,54.6,3600.0,DISC10
1612,2,Downtown,2025-10-24,501,Notebook,1,1.9,1.9,4332.0,DISC10
1613,2,Suburb,2025-10-07,501,Notebook,3,0.73,2.19,2501.0,DISC5
1614,2,Downtown,2025-10-28,502,Pen,9,0.88,7.92,2042.0,NONE
1615,2,Suburb,2025-10-20,505,Marker,2,12.03,24.06,2449.0,NONE
1616,2,Airport,2025-10-16,501,Notebook,9,6.54,58.86,3168.0,DISC10
1617,2,Suburb,2025-10-26,503,Stapler,6,2.84,17.04,4564.0,NONE
1618,3,Downtown,2025-10-13,506,Highlighter,10,1.27,12.7,4593.0,DISC5
1619,3,Downtown,2025-10-28,503,Stapler,5,2.61,13.05,3898.0,DISC5
1620,3,Airport,2025-10-18,503,Stapler,3,1.83,5.49,4489.0,NONE
1621,3,Airport,2025-10-20,502,Pen,2,12.34,24.68,3690.0,DISC10
1622,2,Suburb,2025-10-05,502,Pen,5,11.83,59.15,2332.0,DISC10
1623,1,Downtown,2025-10-12,505,Marker,6,4.62,27.72,2021.0,DISC5
1624,1,Downtown,2025-10-10,502,Pen,1,14.14,14.14,4815.0,DISC5
1625,1,Suburb,2025-10-23,502,Pen,7,3.88,27.16,3722.0,NONE
1626,1,Airport,2025-10-18,501,Notebook,9,6.43,57.87,4887.0,DISC10
1627,1,Downtown,2025-10-15,501,Notebook,1,1.88,1.88,2703.0,DISC10
1628,3,Suburb,2025-10-13,502,Pen,2,13.78,27.56,4157.0,NONE
1629,2,Suburb,2025-10-22,504,Folder,5,7.46,37.3,2833.0,DISC10
1630,1,Downtown,2025-10-08,505,Marker,2,8.73,17.46,2737.0,NONE
1631,1,Suburb,2025-10-27,502,Pen,6,6.09,36.54,4935.0,DISC5
1632,1,Suburb,2025-10-09,505,Marker,7,8.85,61.95,2152.0,NONE
1633,2,Downtown,2025-10-15,504,Folder,10,11.03,110.3,4454.0,DISC5
1634,3,Suburb,2025-10-08,503,Stapler,2,6.71,13.42,4573.0,DISC10
1635,3,Suburb,2025-10-13,503,Stapler,6,13.93,83.58,2440.0,DISC10
1636,2,Suburb,2025-10-22,506,Highlighter,4,2.95,11.8,2558.0,DISC10
1637,1,Downtown,2025-10-22,504,Folder,5,5.29,26.45,4516.0,NONE
1638,2,Airport,2025-10-11,503,Stapler,7,14.46,101.22,4502.0,DISC10
1639,2,Airport,2025-10-01,501,Notebook,10,14.24,142.4,4649.0,DISC5
1640,1,Suburb,2025-10-28,504,Folder,3,6.99,20.97,3154.0,DISC5
1641,1,Downtown,2025-10-05,504,Folder,7,2.95,20.65,3651.0,DISC10
1642,3,Downtown,2025-10-21,505,Marker,6,3.23,19.38,4130.0,DISC10
1643,1,Downtown,2025-10-21,506,Highlighter,4,4.18,16.72,2804.0,DISC5
1644,3,Downtown,2025-10-17,504,Folder,6,11.55,69.3,4818.0,DISC10
1645,1,Downtown,2025-10-18,505,Marker,3,11.75,35.25,2872.0,NONE
1646,3,Suburb,2025-10-20,504,Folder,4,8.4,33.6,2002.0,NONE
1647,2,Airport,2025-10-27,502,Pen,3,10.19,30.57,4383.0,NONE
1648,2,Downtown,2025-10-16,506,Highlighter,3,6.07,18.21,3290.0,DISC5
1649,2,Downtown,2025-10-25,503,Stapler,2,13.92,27.84,4291.0,DISC10
1650,1,Downtown,2025-10-03,506,Highlighter,10,7.79,77.9,2978.0,NONE
1651,1,Downtown,2025-10-23,501,Notebook,5,5.11,25.55,2686.0,DISC5
1652,1,Downtown,2025-10-16,505,Marker,4,6.64,26.56,3221.0,DISC10
1653,2,Suburb,2025-10-03,505,Marker,9,4.93,44.37,2837.0,DISC5
1654,3,Downtown,2025-10-09,501,Notebook,9,1.49,13.41,3923.0,NONE
1655,3,Downtown,2025-10-02,506,Highlighter,8,14.29,114.32,3095.0,NONE
1656,3,Airport,2025-10-07,504,Folder,2,10.81,21.62,3616.0,DISC5
1657,1,Airport,2025-10-14,506,Highlighter,2,8.82,17.64,4606.0,NONE
1658,2,Airport,2025-10-27,504,Folder,1,7.67,7.67,4302.0,DISC10
1659,1,Suburb,2025-10-21,503,Stapler,6,3.68,22.08,2408.0,DISC10
1660,1,Downtown,2025-10-19,502,Pen,2,14.01,28.02,2582.0,DISC5
1661,2,Suburb,2025-10-03,501,Notebook,2,10.05,20.1,2670.0,NONE
1662,2,Suburb,2025-10-05,506,Highlighter,10,4.87,48.7,4164.0,DISC10
1663,1,Suburb,2025-10-28,504,Folder,6,10.55,63.3,3211.0,DISC10
1664,1,Downtown,2025-10-12,506,Highlighter,4,9.9,39.6,2999.0,DISC5
1665,3,Airport,2025-10-10,501,Notebook,7,0.93,6.51,4795.0,DISC10
1666,2,Downtown,2025-10-13,503,Stapler,5,5.16,25.8,3712.0,DISC5
1667,1,Airport,2025-10-15,504,Folder,1,2.02,2.02,4681.0,NONE
1668,2,Downtown,2025-10-03,502,Pen,4,6.15,24.6,3805.0,DISC5
1669,1,Suburb,2025-10-11,502,Pen,2,7.38,14.76,2081.0,DISC10
1670,1,Airport,2025-10-24,504,Folder,2,6.49,12.98,3822.0,DISC10
1671,2,Airport,2025-10-21,505,Marker,8,7.11,56.88,2314.0,NONE
1672,2,Airport,2025-10-01,505,Marker,2,7.13,14.26,3061.0,DISC10
1673,3,Suburb,2025-10-02,503,Stapler,10,5.99,59.9,2979.0,DISC10
1674,1,Suburb,2025-10-17,504,Folder,1,0.81,0.81,4690.0,DISC5
1675,2,Downtown,2025-10-06,504,Folder,5,10.95,54.75,3610.0,DISC10
1676,2,Airport,2025-10-10,503,Stapler,3,8.53,25.59,4949.0,NONE
1677,1,Suburb,2025-10-02,506,Highlighter,8,13.62,108.96,3672.0,DISC5
1678,3,Downtown,2025-10-12,502,Pen,1,3.43,3.43,3106.0,NONE
1679,3,Airport,2025-10-13,503,Stapler,6,3.75,22.5,3426.0,DISC10
1680,1,Airport,2025-10-02,506,Highlighter,2,13.26,26.52,4538.0,DISC5
1681,2,Downtown,2025-10-01,501,Notebook,10,13.36,133.6,4435.0,DISC10
1682,3,Airport,2025-10-13,502,Pen,6,6.39,38.34,3782.0,NONE
1683,2,Downtown,2025-10-18,502,Pen,6,0.63,3.78,3766.0,DISC10
1684,2,Airport,2025-10-23,506,Highlighter,9,12.82,115.38,3443.0,NONE
1685,2,Airport,2025-10-04,506,Highlighter,2,8.09,16.18,4959.0,DISC5
1686,2,Downtown,2025-10-03,504,Folder,6,5.34,32.04,2686.0,NONE
1687,1,Suburb,2025-10-14,503,Stapler,9,1.08,9.72,2283.0,DISC5
1688,2,Downtown,2025-10-14,502,Pen,5,4.93,24.65,3490.0,DISC10
1689,3,Downtown,2025-10-03,501,Notebook,9,13.84,124.56,2269.0,DISC5
1690,3,Airport,2025-10-09,503,Stapler,9,9.67,87.03,3771.0,DISC5
1691,1,Downtown,2025-10-18,501,Notebook,7,1.32,9.24,3669.0,DISC5
1692,3,Downtown,2025-10-22,505,Marker,4,8.3,33.2,3708.0,NONE
1693,3,Suburb,2025-10-06,501,Notebook,8,3.69,29.52,3260.0,DISC10
1694,1,Downtown,2025-10-03,502,Pen,1,3.47,3.47,2707.0,DISC10
1695,1,Suburb,2025-10-16,506,Highlighter,6,13.94,83.64,3905.0,DISC10
1696,1,Suburb,2025-10-20,502,Pen,3,8.76,26.28,4511.0,DISC5
1697,2,Airport,2025-10-16,505,Marker,5,1.67,8.35,4275.0,DISC10
1698,3,Downtown,2025-10-11,504,Folder,4,5.15,20.6,3060.0,NONE
1699,1,Suburb,2025-10-20,501,Notebook,5,1.01,5.05,3440.0,DISC5
1700,2,Airport,2025-10-07,502,Pen,4,13.7,54.8,2962.0,NONE
1701,3,Airport,2025-10-19,503,Stapler,9,15.0,135.0,3215.0,DISC5
1702,3,Downtown,2025-10-24,506,Highlighter,1,11.23,11.23,3651.0,DISC10
1703,3,Suburb,2025-10-03,501,Notebook,1,12.8,12.8,3351.0,NONE
1704,1,Downtown,2025-10-08,506,Highlighter,7,12.98,90.86,4865.0,DISC10
1705,2,Airport,2025-10-26,506,Highlighter,9,1.67,15.03,3143.0,DISC10
1706,2,Airport,2025-10-03,501,Notebook,7,5.09,35.63,3607.0,DISC10
1707,3,Downtown,2025-10-15,504,Folder,7,4.14,28.98,3026.0,DISC10
1708,3,Suburb,2025-10-01,503,Stapler,9,4.27,38.43,4447.0,NONE
1709,3,Downtown,2025-10-15,502,Pen,7,14.37,100.59,4059.0,NONE
1710,2,Suburb,2025-10-23,502,Pen,6,10.93,65.58,3790.0,DISC10
1711,3,Airport,2025-10-13,502,Pen,5,13.85,69.25,4757.0,DISC10
1712,3,Suburb,2025-10-15,504,Folder,2,0.93,1.86,4762.0,DISC5
1713,3,Airport,2025-10-08,502,Pen,8,13.1,104.8,4447.0,NONE
1714,3,Suburb,2025-10-18,504,Folder,6,11.54,69.24,2608.0,NONE
1715,1,Airport,2025-10-20,505,Marker,5,14.48,72.4,4077.0,DISC10
1716,3,Airport,2025-10-08,506,Highlighter,8,14.12,112.96,4888.0,DISC10
1717,1,Airport,2025-10-02,503,Stapler,1,8.28,8.28,2394.0,DISC10
1718,1,Airport,2025-10-03,506,Highlighter,4,4.26,17.04,3719.0,DISC10
1719,1,Suburb,2025-10-25,504,Folder,5,10.1,50.5,4528.0,NONE
1720,3,Suburb,2025-10-18,504,Folder,5,9.01,45.05,4240.0,NONE
1721,2,Airport,2025-10-06,506,Highlighter,4,13.23,52.92,4454.0,NONE
1722,1,Airport,2025-10-23,503,Stapler,3,6.69,20.07,3110.0,NONE
1723,2,Suburb,2025-10-14,506,Highlighter,2,3.16,6.32,3682.0,DISC10
1724,3,Downtown,2025-10-06,505,Marker,10,6.83,68.3,2913.0,NONE
1725,2,Downtown,2025-10-05,502,Pen,10,3.77,37.7,3279.0,DISC10
1726,2,Downtown,2025-10-01,501,Notebook,3,6.09,18.27,3300.0,DISC5
1727,2,Downtown,2025-10-19,504,Folder,9,2.79,25.11,3597.0,DISC10
1728,2,Airport,2025-10-26,503,Stapler,9,7.35,66.15,3816.0,NONE
1729,3,Downtown,2025-10-28,505,Marker,7,4.08,28.56,4673.0,NONE
1730,3,Airport,2025-10-15,506,Highlighter,5,2.56,12.8,4587.0,DISC10
1731,3,Downtown,2025-10-19,502,Pen,2,11.92,23.84,2032.0,NONE
1732,2,Airport,2025-10-24,503,Stapler,7,3.67,25.69,4344.0,NONE
1733,2,Downtown,2025-10-15,502,Pen,6,8.27,49.62,4037.0,DISC10
1734,3,Airport,2025-10-22,501,Notebook,2,12.03,24.06,4738.0,DISC5
1735,3,Suburb,2025-10-20,503,Stapler,6,14.63,87.78,4108.0,DISC5
1736,2,Downtown,2025-10-21,506,Highlighter,3,9.57,28.71,2620.0,DISC10
1737,2,Suburb,2025-10-26,504,Folder,9,2.18,19.62,2657.0,DISC10
1738,2,Downtown,2025-10-14,502,Pen,8,8.7,69.6,4236.0,NONE
1739,2,Airport,2025-10-04,505,Marker,5,13.18,65.9,3113.0,DISC10
1740,3,Downtown,2025-10-18,502,Pen,5,1.91,9.55,2669.0,NONE
1741,2,Suburb,2025-10-23,501,Notebook,1,2.25,2.25,2029.0,DISC5
1742,1,Downtown,2025-10-03,501,Notebook,9,3.85,34.65,2607.0,DISC5
1743,2,Airport,2025-10-23,501,Notebook,1,3.98,3.98,4096.0,DISC10
1744,2,Airport,2025-10-04,502,Pen,8,4.84,38.72,4528.0,NONE
1745,1,Airport,2025-10-21,506,Highlighter,3,12.79,38.37,3870.0,DISC10
1746,1,Downtown,2025-10-14,503,Stapler,2,11.84,23.68,2421.0,NONE
1747,2,Airport,2025-10-28,505,Marker,8,9.6,76.8,4794.0,DISC10
1748,3,Suburb,2025-10-19,504,Folder,6,3.97,23.82,3363.0,DISC10
1749,1,Suburb,2025-10-16,504,Folder,6,3.1,18.6,4109.0,NONE
1750,1,Airport,2025-10-08,505,Marker,2,10.52,21.04,4021.0,DISC5
1751,1,Downtown,2025-10-01,506,Highlighter,7,11.41,79.87,2274.0,DISC10
1752,3,Suburb,2025-10-28,503,Stapler,9,1.28,11.52,2627.0,NONE
1753,3,Downtown,2025-10-02,504,Folder,7,2.73,19.11,3304.0,NONE
1754,1,Suburb,2025-10-09,504,Folder,3,4.27,12.81,3037.0,DISC5
1755,1,Downtown,2025-10-04,501,Notebook,1,2.06,2.06,3888.0,NONE
1756,3,Airport,2025-10-08,506,Highlighter,6,14.21,85.26,2996.0,DISC10
1757,2,Suburb,2025-10-11,506,Highlighter,2,1.01,2.02,2981.0,DISC5
1758,3,Airport,2025-10-04,506,Highlighter,7,11.58,81.06,4693.0,DISC10
1759,3,Airport,2025-10-26,503,Stapler,6,10.9,65.4,3992.0,NONE
1760,3,Airport,2025-10-12,501,Notebook,7,11.95,83.65,4341.0,DISC5
1761,3,Suburb,2025-10-01,505,Marker,10,6.98,69.8,4884.0,DISC10
1762,1,Downtown,2025-10-14,501,Notebook,3,2.06,6.18,2978.0,DISC10
1763,1,Airport,2025-10-18,503,Stapler,5,8.21,41.05,4962.0,DISC10
1764,2,Airport,2025-10-06,503,Stapler,8,4.17,33.36,4059.0,NONE
1765,1,Downtown,2025-10-11,501,Notebook,4,0.87,3.48,3014.0,DISC10
1766,2,Suburb,2025-10-18,505,Marker,1,12.16,12.16,2790.0,NONE
1767,2,Downtown,2025-10-06,505,Marker,5,5.95,29.75,2779.0,DISC10
1768,3,Downtown,2025-10-18,506,Highlighter,4,1.78,7.12,3145.0,NONE
1769,1,Downtown,2025-10-14,504,Folder,2,10.84,21.68,2892.0,DISC5
1770,3,Downtown,2025-10-24,506,Highlighter,8,6.15,49.2,3759.0,DISC10
1771,3,Suburb,2025-10-28,504,Folder,7,4.91,34.37,3946.0,DISC10
1772,3,Downtown,2025-10-25,504,Folder,2,11.53,23.06,2287.0,NONE
1773,3,Downtown,2025-10-22,505,Marker,10,5.16,51.6,2837.0,DISC10
1774,1,Airport,2025-10-13,504,Folder,9,9.61,86.49,3386.0,DISC10
1775,3,Suburb,2025-10-16,502,Pen,6,7.3,43.8,2503.0,DISC10
1776,2,Airport,2025-10-10,503,Stapler,9,10.49,94.41,4922.0,DISC10
1777,2,Suburb,2025-10-17,503,Stapler,3,10.31,30.93,3965.0,DISC5
1778,2,Downtown,2025-10-12,504,Folder,9,14.13,127.17,3902.0,NONE
1779,1,Downtown,2025-10-05,503,Stapler,9,6.21,55.89,3509.0,NONE
1780,2,Downtown,2025-10-19,501,Notebook,7,7.9,55.3,4966.0,DISC5
1781,2,Airport,2025-10-23,501,Notebook,10,0.94,9.4,3029.0,DISC5
1782,1,Airport,2025-10-01,503,Stapler,6,3.46,20.76,2416.0,DISC10
1783,2,Suburb,2025-10-04,504,Folder,3,4.58,13.74,3574.0,NONE
1784,2,Airport,2025-10-03,503,Stapler,5,14.85,74.25,3072.0,DISC5
1785,1,Suburb,2025-10-15,505,Marker,3,11.62,34.86,4813.0,DISC5
1786,1,Suburb,2025-10-10,504,Folder,2,2.78,5.56,4276.0,DISC10
1787,2,Suburb,2025-10-14,506,Highlighter,1,0.77,0.77,3178.0,NONE
1788,1,Airport,2025-10-17,502,Pen,7,3.66,25.62,3163.0,DISC10
1789,3,Downtown,2025-10-13,503,Stapler,4,5.91,23.64,4593.0,DISC5
1790,2,Downtown,2025-10-16,504,Folder,9,10.53,94.77,4395.0,DISC10
1791,1,Downtown,2025-10-26,501,Notebook,6,7.63,45.78,2770.0,DISC10
1792,3,Airport,2025-10-05,504,Folder,3,4.26,12.78,4069.0,DISC5
1793,2,Airport,2025-10-14,501,Notebook,4,5.45,21.8,2844.0,DISC5
1794,3,Suburb,2025-10-09,505,Marker,6,6.71,40.26,2673.0,DISC10
1795,3,Airport,2025-10-25,503,Stapler,2,2.78,5.56,2233.0,DISC10
1796,3,Airport,2025-10-02,501,Notebook,5,5.62,28.1,2647.0,DISC5
1797,3,Airport,2025-10-27,501,Notebook,6,11.03,66.18,3936.0,NONE
1798,2,Suburb,2025-10-22,502,Pen,2,9.72,19.44,2098.0,NONE
1799,2,Downtown,2025-10-17,505,Marker,6,10.51,63.06,3739.0,NONE
1800,1,Downtown,2025-10-25,504,Folder,3,14.98,44.94,3591.0,NONE
1801,1,Airport,2025-10-01,504,Folder,1,7.52,7.52,3561.0,NONE
1802,2,Downtown,2025-10-21,505,Marker,9,4.12,37.08,3918.0,NONE
1803,1,Suburb,2025-10-15,503,Stapler,8,3.32,26.56,4631.0,NONE
1804,2,Suburb,2025-10-19,504,Folder,9,13.38,120.42,3490.0,DISC5
1805,1,Airport,2025-10-23,502,Pen,3,2.03,6.09,3581.0,DISC5
1806,1,Airport,2025-10-10,503,Stapler,5,10.53,52.65,3926.0,DISC10
1807,2,Suburb,2025-10-24,502,Pen,10,6.71,67.1,4539.0,DISC10
1808,1,Suburb,2025-10-23,501,Notebook,10,12.15,121.5,3980.0,NONE
1809,3,Suburb,2025-10-09,504,Folder,8,2.62,20.96,3284.0,NONE
1810,3,Downtown,2025-10-01,502,Pen,1,5.46,5.46,2180.0,DISC5
1811,3,Airport,2025-10-06,501,Notebook,2,10.99,21.98,4633.0,DISC5
1812,1,Airport,2025-10-21,505,Marker,8,3.63,29.04,4128.0,DISC5
1813,1,Airport,2025-10-24,506,Highlighter,4,8.73,34.92,2732.0,DISC5
1814,3,Downtown,2025-10-23,506,Highlighter,9,11.76,105.84,2269.0,DISC10
1815,3,Suburb,2025-10-04,503,Stapler,3,0.54,1.62,2190.0,DISC5
1816,2,Suburb,2025-10-10,504,Folder,7,2.6,18.2,2073.0,DISC10
1817,3,Suburb,2025-10-04,503,Stapler,4,2.19,8.76,4319.0,DISC10
1818,3,Suburb,2025-10-06,505,Marker,6,9.16,54.96,3451.0,NONE
1819,3,Airport,2025-10-06,501,Notebook,10,14.14,141.4,4551.0,DISC10
1820,2,Downtown,2025-10-20,503,Stapler,10,1.85,18.5,4643.0,NONE
1821,1,Suburb,2025-10-03,503,Stapler,8,7.96,63.68,2952.0,DISC5
1822,3,Airport,2025-10-21,501,Notebook,7,10.88,76.16,4640.0,DISC5
1823,2,Suburb,2025-10-23,501,Notebook,3,3.24,9.72,3734.0,DISC5
1824,3,Suburb,2025-10-06,502,Pen,6,12.86,77.16,2058.0,DISC10
1825,1,Airport,2025-10-28,504,Folder,9,12.73,114.57,4842.0,DISC5
1826,3,Suburb,2025-10-04,506,Highlighter,6,5.3,31.8,2976.0,NONE
1827,3,Downtown,2025-10-05,506,Highlighter,4,3.11,12.44,3944.0,DISC5
1828,2,Downtown,2025-10-07,503,Stapler,10,10.52,105.2,3895.0,DISC5
1829,3,Suburb,2025-10-10,505,Marker,3,13.27,39.81,4322.0,NONE
1830,2,Airport,2025-10-24,502,Pen,4,2.83,11.32,4852.0,DISC5
1831,2,Suburb,2025-10-24,504,Folder,9,12.55,112.95,3667.0,DISC5
1832,3,Downtown,2025-10-24,501,Notebook,7,3.77,26.39,3673.0,DISC5
1833,3,Suburb,2025-10-24,502,Pen,2,1.64,3.28,4456.0,DISC10
1834,3,Suburb,2025-10-04,501,Notebook,4,3.32,13.28,2934.0,DISC5
1835,3,Downtown,2025-10-10,503,Stapler,3,13.48,40.44,2869.0,DISC5
1836,1,Suburb,2025-10-17,506,Highlighter,3,3.55,10.65,2578.0,DISC5
1837,2,Downtown,2025-10-27,505,Marker,5,4.22,21.1,4914.0,DISC5
1838,1,Airport,2025-10-21,501,Notebook,5,10.13,50.65,4711.0,DISC5
1839,3,Downtown,2025-10-13,503,Stapler,4,12.72,50.88,4893.0,DISC5
1840,1,Downtown,2025-10-14,502,Pen,8,1.67,13.36,3461.0,NONE
1841,2,Downtown,2025-10-10,505,Marker,10,11.86,118.6,2284.0,NONE
1842,1,Airport,2025-10-17,503,Stapler,4,2.28,9.12,2626.0,DISC5
1843,2,Downtown,2025-10-21,503,Stapler,7,2.79,19.53,2157.0,DISC5
1844,2,Airport,2025-10-15,502,Pen,5,10.96,54.8,4231.0,DISC5
1845,2,Airport,2025-10-23,504,Folder,2,1.73,3.46,2850.0,DISC10
1846,2,Downtown,2025-10-03,504,Folder,2,4.92,9.84,4574.0,DISC5
1847,3,Airport,2025-10-23,501,Notebook,5,8.15,40.75,4166.0,DISC10
1848,3,Downtown,2025-10-27,505,Marker,4,2.7,10.8,3245.0,DISC5
1849,2,Downtown,2025-10-10,505,Marker,5,3.69,18.45,4384.0,DISC10
1850,2,Airport,2025-10-25,502,Pen,3,14.39,43.17,2352.0,DISC5
1851,1,Suburb,2025-10-20,506,Highlighter,5,12.7,63.5,3588.0,NONE
1852,1,Downtown,2025-10-01,501,Notebook,3,9.63,28.89,2740.0,DISC5
1853,3,Airport,2025-10-20,506,Highlighter,9,14.63,131.67,3828.0,DISC10
1854,3,Suburb,2025-10-10,501,Notebook,1,1.74,1.74,4093.0,DISC10
1855,2,Airport,2025-10-27,504,Folder,6,8.72,52.32,2506.0,DISC5
1856,2,Downtown,2025-10-27,503,Stapler,4,8.86,35.44,3279.0,DISC10
1857,1,Downtown,2025-10-17,504,Folder,10,11.97,119.7,4710.0,DISC10
1858,2,Downtown,2025-10-16,502,Pen,9,1.05,9.45,4804.0,DISC5
1859,2,Airport,2025-10-25,504,Folder,2,8.18,16.36,3581.0,DISC10
1860,1,Suburb,2025-10-09,505,Marker,2,9.51,19.02,4783.0,NONE
1861,3,Airport,2025-10-02,506,Highlighter,10,12.3,123.0,2443.0,DISC5
1862,3,Suburb,2025-10-13,506,Highlighter,5,8.62,43.1,3340.0,NONE
1863,3,Downtown,2025-10-03,504,Folder,10,11.7,117.0,4388.0,DISC10
1864,2,Suburb,2025-10-24,501,Notebook,7,14.83,103.81,3974.0,NONE
1865,2,Airport,2025-10-28,502,Pen,10,10.8,108.0,4768.0,NONE
1866,2,Downtown,2025-10-21,506,Highlighter,3,1.37,4.11,3349.0,DISC5
1867,2,Airport,2025-10-07,501,Notebook,7,6.48,45.36,2052.0,DISC10
1868,1,Airport,2025-10-19,502,Pen,9,11.24,101.16,2351.0,DISC5
1869,2,Airport,2025-10-09,502,Pen,3,8.35,25.05,2181.0,DISC5
1870,2,Airport,2025-10-26,502,Pen,8,3.01,24.08,4886.0,DISC10
1871,3,Downtown,2025-10-13,505,Marker,1,2.73,2.73,2805.0,DISC10
1872,2,Airport,2025-10-25,505,Marker,8,2.65,21.2,2938.0,DISC5
1873,3,Suburb,2025-10-21,502,Pen,2,12.22,24.44,2103.0,DISC5
1874,2,Suburb,2025-10-21,505,Marker,1,7.06,7.06,3828.0,NONE
1875,3,Airport,2025-10-03,501,Notebook,8,1.91,15.28,4437.0,NONE
1876,1,Downtown,2025-10-15,505,Marker,3,14.48,43.44,3484.0,DISC5
1877,3,Airport,2025-10-17,506,Highlighter,1,2.16,2.16,2664.0,DISC10
1878,2,Airport,2025-10-17,502,Pen,9,3.26,29.34,3083.0,NONE
1879,1,Downtown,2025-10-24,505,Marker,5,11.31,56.55,2604.0,DISC10
1880,2,Downtown,2025-10-21,503,Stapler,1,4.08,4.08,4706.0,NONE
1881,2,Airport,2025-10-18,504,Folder,7,9.69,67.83,4527.0,DISC5
1882,2,Downtown,2025-10-26,503,Stapler,5,10.12,50.6,3833.0,DISC5
1883,3,Downtown,2025-10-08,503,Stapler,2,2.02,4.04,3984.0,DISC10
1884,3,Suburb,2025-10-07,504,Folder,10,5.76,57.6,3880.0,DISC5
1885,1,Downtown,2025-10-05,503,Stapler,10,12.76,127.6,2564.0,DISC5
1886,1,Airport,2025-10-18,506,Highlighter,10,5.24,52.4,4189.0,DISC10
1887,1,Airport,2025-10-16,503,Stapler,4,10.14,40.56,2811.0,DISC5
1888,2,Suburb,2025-10-25,504,Folder,5,14.3,71.5,3288.0,NONE
1889,3,Downtown,2025-10-27,505,Marker,6,10.89,65.34,2742.0,DISC10
1890,1,Suburb,2025-10-01,502,Pen,2,3.62,7.24,4728.0,NONE
1891,2,Downtown,2025-10-26,505,Marker,1,8.45,8.45,3736.0,NONE
1892,2,Suburb,2025-10-20,503,Stapler,6,13.66,81.96,3860.0,NONE
1893,3,Airport,2025-10-03,503,Stapler,4,2.26,9.04,4092.0,DISC10
1894,1,Airport,2025-10-09,502,Pen,8,8.58,68.64,4053.0,NONE
1895,3,Downtown,2025-10-06,502,Pen,8,9.16,73.28,4175.0,DISC10
1896,2,Downtown,2025-10-28,506,Highlighter,6,6.87,41.22,2548.0,DISC10
1897,2,Suburb,2025-10-13,502,Pen,3,9.06,27.18,4540.0,DISC5
1898,2,Airport,2025-10-19,504,Folder,1,6.77,6.77,3030.0,NONE
1899,1,Airport,2025-10-20,504,Folder,4,8.27,33.08,4368.0,NONE
1900,2,Airport,2025-10-11,505,Marker,4,5.14,20.56,2840.0,NONE
1901,2,Suburb,2025-10-25,504,Folder,3,4.42,13.26,2762.0,NONE
1902,3,Suburb,2025-10-01,501,Notebook,6,5.58,33.48,4589.0,DISC10
1903,3,Suburb,2025-10-17,503,Stapler,1,6.88,6.88,4323.0,DISC10
1904,1,Suburb,2025-10-08,506,Highlighter,2,10.22,20.44,3280.0,DISC10
1905,2,Airport,2025-10-03,504,Folder,9,5.63,50.67,3832.0,DISC5
1906,1,Downtown,2025-10-06,505,Marker,1,1.32,1.32,3643.0,DISC5
1907,2,Suburb,2025-10-08,505,Marker,8,2.2,17.6,3214.0,DISC10
1908,2,Downtown,2025-10-15,502,Pen,3,6.09,18.27,4847.0,DISC5
1909,2,Suburb,2025-10-03,504,Folder,8,5.68,45.44,2110.0,NONE
1910,1,Downtown,2025-10-24,504,Folder,8,12.48,99.84,2809.0,DISC5
1911,2,Suburb,2025-10-27,501,Notebook,4,4.81,19.24,3315.0,DISC10
1912,1,Downtown,2025-10-19,502,Pen,3,2.99,8.97,4380.0,DISC10
1913,1,Suburb,2025-10-03,504,Folder,10,8.3,83.0,3474.0,DISC5
1914,2,Airport,2025-10-04,506,Highlighter,5,9.16,45.8,3313.0,DISC10
1915,1,Suburb,2025-10-07,504,Folder,1,14.04,14.04,4676.0,NONE
1916,2,Suburb,2025-10-09,505,Marker,6,10.77,64.62,2810.0,DISC10
1917,3,Suburb,2025-10-10,503,Stapler,10,7.13,71.3,4146.0,NONE
1918,3,Downtown,2025-10-02,503,Stapler,10,12.64,126.4,4143.0,NONE
1919,1,Suburb,2025-10-16,503,Stapler,2,12.7,25.4,2107.0,DISC10
1920,1,Suburb,2025-10-23,503,Stapler,10,11.74,117.4,4785.0,DISC5
1921,1,Airport,2025-10-14,501,Notebook,6,13.69,82.14,4203.0,DISC10
1922,3,Downtown,2025-10-13,506,Highlighter,5,10.96,54.8,4675.0,DISC10
1923,3,Airport,2025-10-09,506,Highlighter,8,2.05,16.4,3878.0,DISC10
1924,2,Airport,2025-10-13,501,Notebook,7,1.35,9.45,3905.0,DISC10
1925,1,Suburb,2025-10-26,504,Folder,5,2.3,11.5,2448.0,NONE
1926,3,Suburb,2025-10-03,501,Notebook,3,2.62,7.86,3661.0,NONE
1927,2,Downtown,2025-10-28,504,Folder,10,9.48,94.8,4006.0,DISC10
1928,2,Airport,2025-10-15,503,Stapler,1,11.34,11.34,3166.0,DISC10
1929,2,Suburb,2025-10-22,506,Highlighter,2,8.09,16.18,3273.0,DISC10
1930,2,Downtown,2025-10-01,506,Highlighter,7,2.95,20.65,4218.0,DISC5
1931,3,Airport,2025-10-16,502,Pen,6,8.31,49.86,3181.0,DISC10
1932,3,Suburb,2025-10-20,506,Highlighter,1,13.85,13.85,3148.0,NONE
1933,1,Airport,2025-10-25,502,Pen,5,12.01,60.05,3816.0,NONE
1934,1,Downtown,2025-10-20,501,Notebook,9,2.05,18.45,4073.0,DISC5
1935,2,Suburb,2025-10-17,506,Highlighter,10,1.41,14.1,2444.0,NONE
1936,1,Downtown,2025-10-05,502,Pen,9,13.53,121.77,4578.0,NONE
1937,2,Downtown,2025-10-02,502,Pen,3,12.07,36.21,4610.0,DISC10
1938,3,Downtown,2025-10-08,502,Pen,4,7.99,31.96,4686.0,DISC5
1939,3,Suburb,2025-10-25,502,Pen,8,14.18,113.44,2173.0,DISC10
1940,1,Airport,2025-10-06,505,Marker,3,0.93,2.79,2941.0,NONE
1941,1,Suburb,2025-10-11,502,Pen,2,11.64,23.28,4198.0,DISC5
1942,3,Suburb,2025-10-18,502,Pen,1,13.08,13.08,2222.0,DISC5
1943,2,Suburb,2025-10-18,505,Marker,6,14.5,87.0,4748.0,DISC5
1944,1,Suburb,2025-10-21,505,Marker,4,3.63,14.52,3755.0,NONE
1945,1,Suburb,2025-10-17,504,Folder,3,4.24,12.72,3722.0,NONE
1946,2,Suburb,2025-10-02,502,Pen,7,13.28,92.96,2918.0,DISC10
1947,3,Airport,2025-10-03,501,Notebook,10,12.01,120.1,2829.0,DISC5
1948,3,Suburb,2025-10-20,503,Stapler,10,1.38,13.8,2943.0,DISC5
1949,1,Airport,2025-10-26,503,Stapler,8,7.26,58.08,3472.0,NONE
1950,1,Downtown,2025-10-23,506,Highlighter,7,11.62,81.34,2520.0,NONE
1951,2,Airport,2025-10-19,506,Highlighter,5,10.09,50.45,4423.0,DISC10
1952,1,Airport,2025-10-06,505,Marker,10,13.46,134.6,4624.0,NONE
1953,2,Suburb,2025-10-07,505,Marker,9,1.9,17.1,4134.0,NONE
1954,2,Suburb,2025-10-21,506,Highlighter,1,12.12,12.12,4255.0,DISC10
1955,3,Downtown,2025-10-13,501,Notebook,2,0.83,1.66,2760.0,NONE
1956,1,Downtown,2025-10-02,502,Pen,2,1.99,3.98,4508.0,NONE
1957,3,Airport,2025-10-13,501,Notebook,2,4.91,9.82,2950.0,DISC5
1958,3,Airport,2025-10-05,502,Pen,10,1.7,17.0,2586.0,DISC5
1959,3,Airport,2025-10-09,506,Highlighter,1,10.06,10.06,4792.0,DISC5
1960,3,Airport,2025-10-12,505,Marker,10,14.14,141.4,4415.0,NONE
1961,3,Downtown,2025-10-28,503,Stapler,5,9.49,47.45,2005.0,DISC5
1962,1,Downtown,2025-10-15,505,Marker,8,14.86,118.88,4109.0,DISC5
1963,3,Airport,2025-10-15,505,Marker,9,2.81,25.29,4914.0,DISC10
1964,1,Suburb,2025-10-15,502,Pen,1,8.87,8.87,4829.0,DISC10
1965,2,Suburb,2025-10-16,505,Marker,6,12.13,72.78,3282.0,DISC5
1966,1,Downtown,2025-10-24,504,Folder,9,7.02,63.18,2656.0,DISC10
1967,2,Downtown,2025-10-05,505,Marker,8,3.59,28.72,2520.0,DISC10
1968,2,Downtown,2025-10-17,506,Highlighter,7,11.99,83.93,4837.0,NONE
1969,3,Downtown,2025-10-01,502,Pen,9,4.2,37.8,4287.0,NONE
1970,2,Downtown,2025-10-19,503,Stapler,1,11.72,11.72,2695.0,DISC10
1971,1,Suburb,2025-10-18,502,Pen,1,6.46,6.46,2708.0,DISC10
1972,3,Suburb,2025-10-07,501,Notebook,6,4.7,28.2,2370.0,DISC5
1973,2,Suburb,2025-10-24,501,Notebook,5,14.68,73.4,4738.0,DISC10
1974,3,Airport,2025-10-28,503,Stapler,8,8.87,70.96,2668.0,NONE
1975,1,Suburb,2025-10-02,505,Marker,2,3.85,7.7,4043.0,DISC10
1976,1,Downtown,2025-10-16,501,Notebook,7,11.3,79.1,4321.0,DISC10
1977,3,Suburb,2025-10-06,501,Notebook,2,15.0,30.0,3880.0,DISC5
1978,1,Downtown,2025-10-20,501,Notebook,8,1.38,11.04,3378.0,NONE
1979,2,Downtown,2025-10-22,502,Pen,7,8.19,57.33,4841.0,DISC5
1980,3,Airport,2025-10-24,501,Notebook,4,12.1,48.4,4877.0,DISC10
1981,3,Airport,2025-10-24,504,Folder,1,12.28,12.28,2888.0,DISC5
1982,2,Suburb,2025-10-13,504,Folder,2,0.68,1.36,2573.0,DISC5
1983,1,Suburb,2025-10-10,502,Pen,1,12.57,12.57,2461.0,DISC10
1984,3,Downtown,2025-10-27,502,Pen,8,8.06,64.48,3844.0,DISC10
1985,3,Downtown,2025-10-26,505,Marker,7,2.36,16.52,3277.0,DISC10
1986,3,Suburb,2025-10-24,505,Marker,3,12.07,36.21,3444.0,DISC5
1987,1,Suburb,2025-10-02,506,Highlighter,10,13.73,137.3,2857.0,DISC5
1988,2,Airport,2025-10-27,503,Stapler,2,5.13,10.26,2321.0,DISC10
1989,1,Downtown,2025-10-19,501,Notebook,10,5.47,54.7,2412.0,NONE
1990,2,Suburb,2025-10-19,503,Stapler,4,12.53,50.12,4932.0,DISC5
1991,2,Suburb,2025-10-24,504,Folder,5,8.43,42.15,4561.0,NONE
1992,3,Airport,2025-10-26,503,Stapler,8,11.42,91.36,3139.0,DISC5
1993,2,Airport,2025-10-05,505,Marker,1,12.71,12.71,2146.0,NONE
1994,2,Downtown,2025-10-18,501,Notebook,9,11.95,107.55,2641.0,NONE
1995,2,Suburb,2025-10-11,501,Notebook,8,9.99,79.92,4285.0,DISC5
1996,1,Downtown,2025-10-18,506,Highlighter,2,14.15,28.3,3738.0,DISC5
1997,3,Downtown,2025-10-17,501,Notebook,1,2.48,2.48,2504.0,NONE
1998,2,Airport,2025-10-27,501,Notebook,8,13.12,104.96,2670.0,NONE
1999,2,Downtown,2025-10-23,504,Folder,3,11.66,34.98,3272.0,DISC5
2000,2,Airport,2025-10-28,504,Folder,8,10.86,86.88,4398.0,DISC10
2001,3,Airport,2025-10-18,501,Notebook,10,4.29,42.9,4444.0,NONE
2002,1,Suburb,2025-10-23,501,Notebook,5,8.33,41.65,3870.0,DISC10
2003,1,Downtown,2025-10-24,505,Marker,3,10.24,30.72,2749.0,DISC5
2004,2,Airport,2025-10-26,505,Marker,9,5.16,46.44,2600.0,DISC10
2005,3,Suburb,2025-10-13,502,Pen,1,7.44,7.44,4668.0,DISC5
2006,3,Downtown,2025-10-23,503,Stapler,5,9.47,47.35,2887.0,DISC10
2007,2,Airport,2025-10-23,505,Marker,4,2.56,10.24,4397.0,NONE
2008,2,Airport,2025-10-01,501,Notebook,10,8.87,88.7,3859.0,NONE
2009,1,Suburb,2025-10-16,503,Stapler,2,11.89,23.78,2765.0,DISC10
2010,2,Airport,2025-10-11,504,Folder,10,9.54,95.4,2807.0,NONE
