transaction_id,transaction_date,product_id,store_id,quantity,unit_price,discount,total_amount
1,2024-01-02,131,5,5,38303,0,191515
2,2024-01-03,124,4,1,8983,500,8483
3,2024-01-04,120,4,1,40625,500,40125
4,2024-01-05,132,99,1,48616,1000,47616
5,2024-01-06,116,2,5,4568,1000,21840
6,2024-01-07,149,5,2,31232,0,62464
7,2024-01-08,149,4,2,20867,0,41734
8,2024-01-09,122,4,2,45726,1000,90452
9,2024-01-10,125,1,1,8926,1000,7926
10,2024-01-11,117,4,4,10707,0,640
11,2024-01-12,114,4,5,1256,1000,5280
12,2024-01-13,104,5,3,44465,500,132895
13,2024-01-14,118,1,2,12247,1000,23494
14,2024-01-15,102,2,5,19124,1000,94620
15,2024-01-16,126,4,1,37941,0,37941
16,2024-01-17,149,99,1,19597,500,19097
17,2024-01-18,102,4,5,22820,0,114100
18,2024-01-19,133,99,4,52433,500,209232
19,2024-01-20,132,5,1,54882,1000,53882
20,2024-01-21,117,1,1,31834,0,1763
21,2024-01-22,133,4,1,1215,1000,215
22,2024-01-23,109,99,3,2385,0,7155
23,2024-01-24,102,5,2,40957,1000,80914
24,2024-01-25,113,2,5,31179,1000,154895
25,2024-01-26,111,1,3,10718,0,32154
26,2024-01-27,149,1,5,42096,0,210480
27,2024-01-28,109,3,3,32654,0,97962
28,2024-01-29,121,5,2,38856,1000,76712
29,2024-01-30,146,2,2,46019,0,92038
30,2024-01-01,144,99,5,49647,500,3552
31,2024-01-02,117,99,2,856,0,1712
32,2024-01-03,140,3,4,30534,500,121636
33,2024-01-04,150,5,2,42198,1000,83396
34,2024-01-05,136,2,5,53214,1000,265070
35,2024-01-06,125,5,1,17557,0,17557
36,2024-01-07,150,5,3,34848,0,104544
37,2024-01-08,117,4,5,21192,1000,104960
38,2024-01-09,130,4,3,8768,0,26304
39,2024-01-10,105,5,3,43465,500,129895
40,2024-01-11,142,99,5,34244,0,226
41,2024-01-12,139,4,2,37538,500,74576
42,2024-01-13,121,1,2,44538,500,88576
43,2024-01-14,148,3,5,18445,1000,91225
44,2024-01-15,142,3,2,9413,1000,17826
45,2024-01-16,132,99,4,27383,1000,108532
46,2024-01-17,110,1,2,56702,0,113404
47,2024-01-18,138,1,5,47122,0,235610
48,2024-01-19,131,5,4,59070,0,236280
49,2024-01-20,147,2,5,30903,500,154015
50,2024-01-21,120,4,5,6290,1000,4947
51,2024-01-22,141,2,1,46486,0,46486
52,2024-01-23,102,1,2,35785,1000,70570
53,2024-01-24,146,1,5,46724,500,233120
54,2024-01-25,139,5,2,1999,0,3998
55,2024-01-26,130,99,1,33560,1000,32560
56,2024-01-27,103,99,4,28116,0,112464
57,2024-01-28,102,2,5,41478,1000,206390
58,2024-01-29,145,4,2,33404,0,66808
59,2024-01-30,120,5,4,26767,0,107068
60,2024-01-01,137,3,3,19343,0,1684
61,2024-01-02,106,1,2,2073,0,4146
62,2024-01-03,128,2,4,40886,500,163044
63,2024-01-04,145,1,4,34502,500,137508
64,2024-01-05,130,5,4,7469,500,29376
65,2024-01-06,103,1,5,22922,1000,113610
66,2024-01-07,149,99,3,58610,0,175830
67,2024-01-08,140,4,2,12438,0,24876
68,2024-01-09,121,99,5,14531,500,72155
69,2024-01-10,136,3,3,10340,500,30520
70,2024-01-11,103,4,3,6372,500,4252
71,2024-01-12,114,5,5,45155,500,225275
72,2024-01-13,141,5,1,33787,500,33287
73,2024-01-14,133,3,4,12591,0,50364
74,2024-01-15,138,3,4,4160,0,16640
75,2024-01-16,142,2,4,29111,500,115944
76,2024-01-17,108,1,4,34211,1000,135844
77,2024-01-18,113,5,5,30181,1000,149905
78,2024-01-19,105,1,5,27015,1000,134075
79,2024-01-20,136,5,5,13113,500,65065
80,2024-01-21,102,1,1,46485,500,4650
81,2024-01-22,134,3,4,30258,500,120532
82,2024-01-23,110,99,3,34892,500,104176
83,2024-01-24,147,99,2,55242,1000,109484
84,2024-01-25,140,1,2,23904,1000,46808
85,2024-01-26,110,1,5,22882,1000,113410
86,2024-01-27,132,1,1,28132,1000,27132
87,2024-01-28,133,1,2,44240,500,87980
88,2024-01-29,138,1,1,41715,0,41715
89,2024-01-30,137,5,1,14568,0,14568
90,2024-01-01,146,4,4,29278,0,1768
91,2024-01-02,125,2,4,5982,1000,22928
92,2024-01-03,122,2,3,34621,500,103363
93,2024-01-04,118,3,1,17746,500,17246
94,2024-01-05,134,3,1,51487,500,50987
95,2024-01-06,101,5,3,38956,500,116368
96,2024-01-07,108,1,2,50190,1000,99380
97,2024-01-08,109,1,1,12215,500,11715
98,2024-01-09,128,5,2,51215,500,101930
99,2024-01-10,147,4,1,12886,500,12386
100,2024-01-11,113,4,4,2649,0,478
101,2024-01-12,146,5,5,13753,500,68265
102,2024-01-13,117,3,5,19853,0,99265
103,2024-01-14,103,4,1,44490,500,43990
104,2024-01-15,108,4,4,23078,0,92312
105,2024-01-16,110,1,2,2181,0,4362
106,2024-01-17,102,2,5,51311,500,256055
107,2024-01-18,145,2,3,56637,500,169411
108,2024-01-19,144,2,5,20812,1000,103060
109,2024-01-20,110,99,1,22680,0,22680
110,2024-01-21,132,1,5,6347,1000,1913
111,2024-01-22,127,3,2,39574,500,78648
112,2024-01-23,112,99,1,31563,1000,30563
113,2024-01-24,105,2,3,24639,500,73417
114,2024-01-25,129,4,5,59725,1000,297625
115,2024-01-26,121,1,4,563,0,2252
116,2024-01-27,131,4,3,17514,1000,51542
117,2024-01-28,112,4,2,5599,500,10698
118,2024-01-29,122,99,3,7648,0,22944
119,2024-01-30,129,3,1,52232,1000,51232
120,2024-01-01,108,3,2,14762,500,446
121,2024-01-02,146,99,3,12303,500,36409
122,2024-01-03,148,5,4,49663,1000,197652
123,2024-01-04,112,2,2,5665,0,11330
124,2024-01-05,121,1,4,3728,1000,13912
125,2024-01-06,107,99,1,15297,500,14797
126,2024-01-07,118,5,5,17836,500,88680
127,2024-01-08,135,1,2,31908,1000,62816
128,2024-01-09,134,2,4,59857,0,239428
129,2024-01-10,138,99,3,57714,0,173142
130,2024-01-11,139,4,5,27934,0,4517
131,2024-01-12,124,3,2,4250,0,8500
132,2024-01-13,105,1,5,31663,1000,157315
133,2024-01-14,117,1,4,5256,0,21024
134,2024-01-15,128,4,3,54322,500,162466
135,2024-01-16,104,4,1,38132,0,38132
136,2024-01-17,125,3,4,20064,1000,79256
137,2024-01-18,135,3,5,5584,500,27420
138,2024-01-19,146,1,3,17376,1000,51128
139,2024-01-20,137,1,2,26581,1000,52162
140,2024-01-21,148,99,4,9706,1000,2090
141,2024-01-22,143,1,5,9564,1000,46820
142,2024-01-23,135,1,1,51721,1000,50721
143,2024-01-24,133,99,1,36037,1000,35037
144,2024-01-25,118,99,3,10841,500,32023
145,2024-01-26,999,99,5,45686,1000,227430
146,2024-01-27,121,99,5,29304,500,146020
147,2024-01-28,134,5,2,13974,0,27948
148,2024-01-29,137,99,1,11384,500,10884
149,2024-01-30,105,2,2,2286,0,4572
150,2024-01-01,140,4,4,31850,500,3854
151,2024-01-02,109,2,5,50371,0,251855
152,2024-01-03,134,99,4,3079,500,11816
153,2024-01-04,117,4,1,55437,500,54937
154,2024-01-05,101,2,3,52380,1000,156140
155,2024-01-06,101,1,2,46894,1000,92788
156,2024-01-07,147,1,4,35348,1000,140392
157,2024-01-08,121,1,4,33390,1000,132560
158,2024-01-09,121,5,1,56378,0,56378
159,2024-01-10,999,1,5,26182,0,130910
160,2024-01-11,145,1,1,33694,500,2705
161,2024-01-12,124,99,2,15398,500,30296
162,2024-01-13,126,1,4,26124,500,103996
163,2024-01-14,126,99,3,15887,1000,46661
164,2024-01-15,106,2,4,24901,1000,98604
165,2024-01-16,118,4,5,32212,500,160560
166,2024-01-17,122,5,3,32848,1000,97544
167,2024-01-18,115,99,4,13466,0,53864
168,2024-01-19,123,5,3,36330,500,108490
169,2024-01-20,137,99,5,8308,0,41540
170,2024-01-21,128,99,2,57228,500,1083
171,2024-01-22,127,1,3,36625,0,109875
172,2024-01-23,130,1,1,32249,0,32249
173,2024-01-24,119,3,1,46532,500,46032
174,2024-01-25,116,99,5,10851,500,53755
175,2024-01-26,131,99,4,49050,500,195700
176,2024-01-27,113,3,1,48906,500,48406
177,2024-01-28,111,2,2,20607,500,40714
178,2024-01-29,125,3,1,38240,0,38240
179,2024-01-30,140,4,2,12408,1000,23816
180,2024-01-01,104,99,2,34665,0,3436
181,2024-01-02,109,5,3,18846,500,56038
182,2024-01-03,137,5,1,54461,1000,53461
183,2024-01-04,129,1,3,30595,500,91285
184,2024-01-05,134,5,3,19030,0,57090
185,2024-01-06,111,1,5,27255,500,135775
186,2024-01-07,123,99,4,21991,0,87964
187,2024-01-08,143,1,2,45342,1000,89684
188,2024-01-09,130,99,5,21915,0,109575
189,2024-01-10,150,5,4,33492,0,133968
190,2024-01-11,999,1,4,53168,0,1041
191,2024-01-12,149,99,1,39025,0,39025
192,2024-01-13,122,2,3,38135,1000,113405
193,2024-01-14,138,4,5,51055,1000,254275
194,2024-01-15,145,2,3,15679,500,46537
195,2024-01-16,110,3,5,49881,0,249405
196,2024-01-17,117,5,5,44087,500,219935
197,2024-01-18,135,3,3,30047,500,89641
198,2024-01-19,143,99,2,43243,0,86486
199,2024-01-20,123,99,5,46020,1000,229100
200,2024-01-21,128,3,5,50048,500,1219
201,2024-01-22,146,2,4,14624,0,58496
202,2024-01-23,148,3,5,33721,1000,167605
203,2024-01-24,135,2,1,4166,0,4166
204,2024-01-25,133,5,1,35081,1000,34081
205,2024-01-26,140,3,1,6205,500,5705
206,2024-01-27,110,3,4,22917,500,91168
207,2024-01-28,128,3,5,13328,500,66140
208,2024-01-29,112,3,2,36879,1000,72758
209,2024-01-30,117,5,5,13107,1000,64535
210,2024-01-01,146,5,2,10046,0,4636
211,2024-01-02,103,1,5,8472,0,42360
212,2024-01-03,135,4,5,24086,0,120430
213,2024-01-04,115,5,5,1284,1000,5420
214,2024-01-05,120,2,5,54289,500,270945
215,2024-01-06,143,99,1,24164,1000,23164
216,2024-01-07,104,1,3,20536,500,61108
217,2024-01-08,110,4,2,55916,0,111832
218,2024-01-09,132,3,5,58888,500,293940
219,2024-01-10,102,5,3,48085,1000,143255
220,2024-01-11,149,1,5,54189,1000,4077
221,2024-01-12,115,1,3,33279,1000,98837
222,2024-01-13,137,99,3,44953,0,134859
223,2024-01-14,110,4,3,25871,0,77613
224,2024-01-15,105,4,2,58932,0,117864
225,2024-01-16,143,3,1,19430,1000,18430
226,2024-01-17,131,5,4,54237,500,216448
227,2024-01-18,130,3,4,4353,0,17412
228,2024-01-19,120,2,2,22909,1000,44818
229,2024-01-20,124,5,3,11073,1000,32219
230,2024-01-21,129,1,4,15078,500,1902
231,2024-01-22,116,3,4,41424,1000,164696
232,2024-01-23,112,5,3,26511,500,79033
233,2024-01-24,120,1,1,56518,0,56518
234,2024-01-25,101,99,5,34499,0,172495
235,2024-01-26,149,3,2,30327,0,60654
236,2024-01-27,136,4,5,33634,500,167670
237,2024-01-28,101,4,2,1853,500,3206
238,2024-01-29,119,2,4,9123,1000,35492
239,2024-01-30,115,1,1,50357,500,49857
240,2024-01-01,142,1,2,14369,0,1804
241,2024-01-02,149,1,5,30091,0,150455
242,2024-01-03,999,2,3,5565,1000,15695
243,2024-01-04,132,99,2,26415,0,52830
244,2024-01-05,126,1,3,26584,0,79752
245,2024-01-06,139,1,5,39705,500,198025
246,2024-01-07,124,99,2,29519,500,58538
247,2024-01-08,108,5,2,14289,0,28578
248,2024-01-09,127,99,2,26262,500,52024
249,2024-01-10,147,5,1,35440,500,34940
250,2024-01-11,122,99,5,42425,1000,3445
251,2024-01-12,129,2,4,18191,0,72764
252,2024-01-13,143,3,1,21673,1000,20673
253,2024-01-14,127,99,2,51165,0,102330
254,2024-01-15,112,1,2,52195,0,104390
255,2024-01-16,148,2,2,1247,1000,1494
256,2024-01-17,137,4,5,3655,500,17775
257,2024-01-18,146,99,2,52169,0,104338
258,2024-01-19,117,3,4,12897,1000,50588
259,2024-01-20,143,2,4,37998,1000,150992
260,2024-01-21,146,3,3,29968,1000,3267
261,2024-01-22,125,1,1,56189,500,55689
262,2024-01-23,123,4,4,35716,500,142364
263,2024-01-24,141,4,2,25511,500,50522
264,2024-01-25,137,1,5,11680,500,57900
265,2024-01-26,144,1,3,32280,0,96840
266,2024-01-27,112,2,1,36687,1000,35687
267,2024-01-28,131,5,4,25295,1000,100180
268,2024-01-29,110,2,1,20497,0,20497
269,2024-01-30,104,99,2,13163,500,25826
270,2024-01-01,122,99,2,58976,0,1530
271,2024-01-02,999,1,4,59112,1000,235448
272,2024-01-03,139,1,5,21137,1000,104685
273,2024-01-04,107,4,3,45309,0,135927
274,2024-01-05,132,4,4,9813,0,39252
275,2024-01-06,107,99,2,36890,1000,72780
276,2024-01-07,147,5,4,12513,0,50052
277,2024-01-08,148,2,4,5983,1000,22932
278,2024-01-09,115,1,1,46476,0,46476
279,2024-01-10,133,5,4,14349,500,56896
280,2024-01-11,137,4,3,10362,500,3510
281,2024-01-12,135,3,3,56631,1000,168893
282,2024-01-13,148,2,3,14391,500,42673
283,2024-01-14,134,1,2,9740,0,19480
284,2024-01-15,120,3,4,9710,1000,37840
285,2024-01-16,147,3,1,33537,1000,32537
286,2024-01-17,134,1,5,34248,0,171240
287,2024-01-18,110,5,4,14318,1000,56272
288,2024-01-19,125,1,3,28458,1000,84374
289,2024-01-20,146,4,5,34512,500,172060
290,2024-01-21,125,1,4,59387,500,2258
291,2024-01-22,139,1,3,22945,500,68335
292,2024-01-23,145,4,5,11670,0,58350
293,2024-01-24,133,5,3,7021,500,20563
294,2024-01-25,104,4,2,38978,0,77956
295,2024-01-26,114,5,5,31251,1000,155255
296,2024-01-27,142,3,5,21000,1000,104000
297,2024-01-28,128,4,3,35353,1000,105059
298,2024-01-29,114,2,5,7515,0,37575
299,2024-01-30,140,4,3,6786,1000,19358
300,2024-01-01,104,4,1,18730,500,2141
301,2024-01-02,119,99,4,51361,1000,204444
302,2024-01-03,107,4,2,1043,0,2086
303,2024-01-04,107,4,3,22349,0,67047
304,2024-01-05,132,3,2,50500,500,100500
305,2024-01-06,144,4,1,5436,1000,4436
306,2024-01-07,109,1,4,16153,0,64612
307,2024-01-08,113,3,1,5589,0,5589
308,2024-01-09,121,2,4,27866,1000,110464
309,2024-01-10,129,3,3,48463,500,144889
310,2024-01-11,120,1,1,15827,1000,4476
311,2024-01-12,122,1,2,33440,1000,65880
312,2024-01-13,111,1,4,53694,1000,213776
313,2024-01-14,134,2,3,49508,500,148024
314,2024-01-15,132,5,2,44677,0,89354
315,2024-01-16,134,1,2,48624,0,97248
316,2024-01-17,132,99,3,28895,500,86185
317,2024-01-18,111,99,2,47351,0,94702
318,2024-01-19,106,2,2,19312,0,38624
319,2024-01-20,116,2,1,28169,500,27669
320,2024-01-21,105,1,2,35741,1000,2280
321,2024-01-22,150,99,3,2397,0,7191
322,2024-01-23,118,1,5,9267,500,45835
323,2024-01-24,147,99,1,53934,0,53934
324,2024-01-25,114,5,5,32678,500,162890
325,2024-01-26,125,99,5,27318,1000,135590
326,2024-01-27,111,3,4,25579,0,102316
327,2024-01-28,121,4,1,10146,0,10146
328,2024-01-29,120,4,1,17655,1000,16655
329,2024-01-30,148,99,5,1508,1000,6540
330,2024-01-01,108,3,4,51347,500,856
331,2024-01-02,113,5,4,17192,0,68768
332,2024-01-03,143,99,4,41740,500,166460
333,2024-01-04,106,99,5,20509,1000,101545
334,2024-01-05,145,99,1,41431,1000,40431
335,2024-01-06,136,1,1,52590,1000,51590
336,2024-01-07,139,4,1,8837,500,8337
337,2024-01-08,130,99,5,22372,500,111360
338,2024-01-09,118,99,3,14818,1000,43454
339,2024-01-10,120,2,4,13191,500,52264
340,2024-01-11,147,2,4,32094,500,3277
341,2024-01-12,109,1,2,13243,0,26486
342,2024-01-13,144,3,1,38926,0,38926
343,2024-01-14,147,5,2,59323,0,118646
344,2024-01-15,129,4,4,11053,1000,43212
345,2024-01-16,126,1,1,40672,1000,39672
346,2024-01-17,103,99,3,54555,0,163665
347,2024-01-18,128,3,1,58047,500,57547
348,2024-01-19,115,1,3,50194,500,150082
349,2024-01-20,111,5,4,18382,0,73528
350,2024-01-21,144,2,5,38440,500,2745
351,2024-01-22,132,3,4,57894,500,231076
352,2024-01-23,105,2,1,16868,1000,15868
353,2024-01-24,105,5,2,2127,0,4254
354,2024-01-25,124,99,5,49888,500,248940
355,2024-01-26,146,4,4,3128,500,12012
356,2024-01-27,101,99,2,32072,1000,63144
357,2024-01-28,111,99,4,37561,500,149744
358,2024-01-29,149,1,3,50634,1000,150902
359,2024-01-30,130,5,5,58436,0,292180
360,2024-01-01,112,5,4,8084,1000,3979
361,2024-01-02,121,2,2,50275,500,100050
362,2024-01-03,112,4,4,40612,0,162448
363,2024-01-04,133,2,3,20972,500,62416
364,2024-01-05,127,2,5,45493,500,226965
365,2024-01-06,145,99,4,57041,0,228164
366,2024-01-07,102,1,2,59692,500,118884
367,2024-01-08,147,5,4,4200,500,16300
368,2024-01-09,111,1,2,52448,0,104896
369,2024-01-10,145,2,3,37243,1000,110729
370,2024-01-11,999,99,2,48743,1000,4446
371,2024-01-12,125,99,2,36326,1000,71652
372,2024-01-13,121,99,4,37956,1000,150824
373,2024-01-14,120,5,2,13221,0,26442
374,2024-01-15,130,4,2,24842,500,49184
375,2024-01-16,123,2,5,13681,1000,67405
376,2024-01-17,148,99,2,2003,0,4006
377,2024-01-18,112,5,2,24076,500,47652
378,2024-01-19,117,99,5,18158,500,90290
379,2024-01-20,106,2,3,58029,0,174087
380,2024-01-21,149,4,4,11388,1000,2968
381,2024-01-22,138,5,2,29227,500,57954
382,2024-01-23,104,4,5,9574,500,47370
383,2024-01-24,147,4,1,55997,500,55497
384,2024-01-25,119,3,4,21877,1000,86508
385,2024-01-26,103,5,1,13909,500,13409
386,2024-01-27,102,3,4,26765,500,106560
387,2024-01-28,143,3,2,23447,500,46394
388,2024-01-29,145,5,4,3632,1000,13528
389,2024-01-30,113,99,5,28995,0,144975
390,2024-01-01,110,1,2,10802,0,3533
391,2024-01-02,123,4,5,41834,500,208670
392,2024-01-03,136,1,2,23535,500,46570
393,2024-01-04,130,5,1,23005,500,22505
394,2024-01-05,108,5,1,34766,1000,33766
395,2024-01-06,109,2,4,32261,500,128544
396,2024-01-07,106,3,3,35607,0,106821
397,2024-01-08,118,1,1,45868,1000,44868
398,2024-01-09,108,2,1,57047,1000,56047
399,2024-01-10,106,4,2,22136,0,44272
400,2024-01-11,102,99,1,11960,0,1272
401,2024-01-12,136,4,3,21311,0,63933
402,2024-01-13,142,1,2,57659,1000,114318
403,2024-01-14,109,3,1,46307,500,45807
404,2024-01-15,149,99,5,41759,1000,207795
405,2024-01-16,139,3,4,18099,0,72396
406,2024-01-17,148,5,2,15473,500,30446
407,2024-01-18,133,4,3,17409,500,51727
408,2024-01-19,142,5,3,41699,1000,124097
409,2024-01-20,143,3,5,31672,1000,157360
410,2024-01-21,147,3,4,10372,500,1768
411,2024-01-22,131,5,4,18518,500,73572
412,2024-01-23,113,4,1,19474,0,19474
413,2024-01-24,141,4,5,22063,0,110315
414,2024-01-25,134,3,5,57632,0,288160
415,2024-01-26,148,5,4,30493,1000,120972
416,2024-01-27,121,3,3,23006,1000,68018
417,2024-01-28,140,2,3,34386,500,102658
418,2024-01-29,118,99,2,3299,500,6098
419,2024-01-30,128,99,3,55394,1000,165182
420,2024-01-01,123,4,3,39045,1000,1812
421,2024-01-02,142,3,1,36230,1000,35230
422,2024-01-03,142,4,1,14756,0,14756
423,2024-01-04,115,4,3,48891,1000,145673
424,2024-01-05,110,3,3,12842,1000,37526
425,2024-01-06,145,2,2,42230,1000,83460
426,2024-01-07,121,5,5,11700,0,58500
427,2024-01-08,131,3,3,26708,500,79624
428,2024-01-09,133,4,2,21438,500,42376
429,2024-01-10,132,2,3,22433,0,67299
430,2024-01-11,138,4,4,19856,500,280
431,2024-01-12,114,4,2,56193,0,112386
432,2024-01-13,125,99,2,57732,500,114964
433,2024-01-14,113,5,4,20380,1000,80520
434,2024-01-15,110,1,4,56902,1000,226608
435,2024-01-16,145,3,2,29906,1000,58812
436,2024-01-17,139,4,2,42753,1000,84506
437,2024-01-18,145,99,1,4549,0,4549
438,2024-01-19,132,3,4,42448,1000,168792
439,2024-01-20,130,3,3,47461,500,141883
440,2024-01-21,138,1,3,13692,500,4824
441,2024-01-22,122,1,1,21376,1000,20376
442,2024-01-23,109,4,1,27535,1000,26535
443,2024-01-24,109,2,4,41949,1000,166796
444,2024-01-25,148,2,1,18280,1000,17280
445,2024-01-26,111,4,5,34488,500,171940
446,2024-01-27,111,3,3,22604,1000,66812
447,2024-01-28,132,5,4,883,0,3532
448,2024-01-29,102,4,1,54659,1000,53659
449,2024-01-30,119,2,3,51930,0,155790
450,2024-01-01,118,99,3,11999,0,2547
451,2024-01-02,132,4,1,46769,0,46769
452,2024-01-03,121,3,2,38928,500,77356
453,2024-01-04,140,1,3,24745,1000,73235
454,2024-01-05,120,2,5,43665,1000,217325
455,2024-01-06,124,1,4,43092,0,172368
456,2024-01-07,147,4,3,29891,500,89173
457,2024-01-08,134,1,3,47671,1000,142013
458,2024-01-09,130,1,3,39955,1000,118865
459,2024-01-10,999,3,4,21900,500,87100
460,2024-01-11,107,2,5,6773,1000,3966
461,2024-01-12,141,2,5,14616,500,72580
462,2024-01-13,121,5,5,24359,500,121295
463,2024-01-14,101,5,1,26066,1000,25066
464,2024-01-15,126,1,1,36782,1000,35782
465,2024-01-16,130,2,2,4249,500,7998
466,2024-01-17,119,1,4,59082,500,235828
467,2024-01-18,135,5,2,35559,500,70618
468,2024-01-19,119,1,3,45611,500,136333
469,2024-01-20,119,2,2,50445,500,100390
470,2024-01-21,136,2,3,36089,1000,1856
471,2024-01-22,139,99,3,49372,0,148116
472,2024-01-23,119,99,1,19708,1000,18708
473,2024-01-24,145,1,3,42414,500,126742
474,2024-01-25,103,99,1,27757,1000,26757
475,2024-01-26,146,4,5,33004,500,164520
476,2024-01-27,109,3,1,18319,0,18319
477,2024-01-28,106,1,5,4620,1000,22100
478,2024-01-29,123,2,3,36265,1000,107795
479,2024-01-30,135,4,3,17616,0,52848
480,2024-01-01,140,1,5,43037,0,1684
481,2024-01-02,133,4,2,27712,0,55424
482,2024-01-03,999,4,3,12079,0,36237
483,2024-01-04,112,5,4,21548,0,86192
484,2024-01-05,104,99,5,37856,1000,188280
485,2024-01-06,121,5,4,4279,0,17116
486,2024-01-07,137,99,4,46273,0,185092
487,2024-01-08,118,1,5,58578,0,292890
488,2024-01-09,112,3,5,54750,0,273750
489,2024-01-10,101,3,3,48674,0,146022
490,2024-01-11,125,5,4,44288,0,504
491,2024-01-12,112,4,1,25721,0,25721
492,2024-01-13,120,1,1,49004,1000,48004
493,2024-01-14,118,2,1,16649,0,16649
494,2024-01-15,147,1,4,52822,0,211288
495,2024-01-16,108,4,5,25761,500,128305
496,2024-01-17,116,5,1,23104,0,23104
497,2024-01-18,129,4,2,21320,500,42140
498,2024-01-19,124,2,4,56011,0,224044
499,2024-01-20,136,4,2,789,500,1078
500,2024-01-21,109,99,5,49692,500,4429
501,2024-01-22,119,2,1,37665,1000,36665
502,2024-01-23,115,99,1,15312,500,14812
503,2024-01-24,129,1,2,41500,500,82500
504,2024-01-25,149,5,4,7706,0,30824
505,2024-01-26,146,5,5,20047,500,99735
506,2024-01-27,144,2,3,43703,1000,130109
507,2024-01-28,124,99,3,53068,0,159204
508,2024-01-29,150,4,5,37069,1000,184345
509,2024-01-30,144,99,1,19383,1000,18383
510,2024-01-01,147,1,4,50042,500,685
511,2024-01-02,137,99,5,46821,1000,233105
512,2024-01-03,111,2,1,42289,1000,41289
513,2024-01-04,112,2,5,34713,0,173565
514,2024-01-05,139,4,1,40616,0,40616
515,2024-01-06,120,4,1,48679,500,48179
516,2024-01-07,145,99,1,51018,500,50518
517,2024-01-08,102,1,2,6203,0,12406
518,2024-01-09,138,4,5,33141,1000,164705
519,2024-01-10,136,3,3,25775,0,77325
520,2024-01-11,140,2,2,50384,0,147
521,2024-01-12,999,3,1,48165,500,47665
522,2024-01-13,101,1,5,31938,0,159690
523,2024-01-14,108,1,2,32011,1000,63022
524,2024-01-15,142,99,2,52698,0,105396
525,2024-01-16,131,2,5,58437,500,291685
526,2024-01-17,140,5,5,43548,0,217740
527,2024-01-18,122,5,5,17638,0,88190
528,2024-01-19,119,1,2,7584,500,14668
529,2024-01-20,146,5,4,7364,0,29456
530,2024-01-21,104,1,4,22191,0,1595
531,2024-01-22,114,4,2,53126,1000,105252
532,2024-01-23,101,3,5,55145,500,275225
533,2024-01-24,142,1,4,33277,500,132608
534,2024-01-25,130,99,2,28400,0,56800
535,2024-01-26,999,2,3,44678,1000,133034
536,2024-01-27,118,5,3,35473,1000,105419
537,2024-01-28,103,5,4,48777,0,195108
538,2024-01-29,146,1,2,16082,1000,31164
539,2024-01-30,129,5,4,23636,500,94044
540,2024-01-01,116,5,4,18494,1000,225
541,2024-01-02,102,2,1,57446,1000,56446
542,2024-01-03,120,4,5,15687,1000,77435
543,2024-01-04,128,1,5,20418,1000,101090
544,2024-01-05,103,4,5,18268,1000,90340
545,2024-01-06,127,99,2,6490,0,12980
546,2024-01-07,145,1,4,53779,500,214616
547,2024-01-08,147,5,2,40467,500,80434
548,2024-01-09,999,99,3,43293,0,129879
549,2024-01-10,128,99,1,59082,500,58582
550,2024-01-11,135,1,4,3743,0,2161
551,2024-01-12,144,3,2,12816,500,25132
552,2024-01-13,109,4,2,19553,1000,38106
553,2024-01-14,145,4,1,4298,500,3798
554,2024-01-15,129,4,4,52695,1000,209780
555,2024-01-16,112,4,3,23816,1000,70448
556,2024-01-17,142,99,5,25514,0,127570
557,2024-01-18,134,99,2,45809,1000,90618
558,2024-01-19,146,3,1,40189,1000,39189
559,2024-01-20,111,4,2,31444,500,62388
560,2024-01-21,105,5,2,29109,0,1299
561,2024-01-22,144,5,2,31955,500,63410
562,2024-01-23,106,5,5,7886,500,38930
563,2024-01-24,107,5,5,5788,0,28940
564,2024-01-25,135,3,1,19410,1000,18410
565,2024-01-26,131,4,5,47230,500,235650
566,2024-01-27,108,2,3,12393,1000,36179
567,2024-01-28,106,5,3,58477,1000,174431
568,2024-01-29,141,5,5,4448,500,21740
569,2024-01-30,128,1,4,56611,0,226444
570,2024-01-01,109,2,1,7708,0,2822
571,2024-01-02,148,3,3,22017,1000,65051
572,2024-01-03,117,3,3,49830,1000,148490
573,2024-01-04,108,4,4,37109,500,147936
574,2024-01-05,120,99,2,12506,0,25012
575,2024-01-06,142,3,2,48947,0,97894
576,2024-01-07,115,4,2,24222,1000,47444
577,2024-01-08,125,1,2,42109,1000,83218
578,2024-01-09,136,1,1,5449,500,4949
579,2024-01-10,113,99,2,31299,500,62098
580,2024-01-11,105,5,2,26619,1000,2303
581,2024-01-12,121,1,1,38335,500,37835
582,2024-01-13,125,3,3,24211,500,72133
583,2024-01-14,105,5,1,17085,1000,16085
584,2024-01-15,139,5,3,57817,500,172951
585,2024-01-16,145,5,1,58253,500,57753
586,2024-01-17,111,1,5,38585,500,192425
587,2024-01-18,108,1,5,52498,0,262490
588,2024-01-19,136,5,5,26429,0,132145
589,2024-01-20,112,5,5,53701,0,268505
590,2024-01-21,999,1,1,6904,1000,256
591,2024-01-22,126,4,2,17855,0,35710
592,2024-01-23,102,2,4,26355,500,104920
593,2024-01-24,131,1,1,31654,500,31154
594,2024-01-25,109,5,1,10070,500,9570
595,2024-01-26,110,4,5,51995,0,259975
596,2024-01-27,124,4,3,51654,0,154962
597,2024-01-28,137,5,4,15788,500,62652
598,2024-01-29,109,2,1,43835,1000,42835
599,2024-01-30,140,1,1,33644,1000,32644
600,2024-01-01,114,2,3,37404,1000,2467
601,2024-01-02,118,2,3,59912,0,179736
602,2024-01-03,111,4,5,56028,500,279640
603,2024-01-04,126,5,3,29576,0,88728
604,2024-01-05,119,3,3,7400,0,22200
605,2024-01-06,127,99,3,1991,1000,4973
606,2024-01-07,122,99,2,41958,1000,82916
607,2024-01-08,134,3,2,2130,0,4260
608,2024-01-09,108,4,3,53733,1000,160199
609,2024-01-10,131,5,4,51003,500,203512
610,2024-01-11,137,1,3,6255,0,1384
611,2024-01-12,110,3,1,53332,1000,52332
612,2024-01-13,112,2,3,54924,0,164772
613,2024-01-14,119,1,2,20027,0,40054
614,2024-01-15,130,4,3,14382,1000,42146
615,2024-01-16,119,5,3,2381,1000,6143
616,2024-01-17,115,99,3,5119,500,14857
617,2024-01-18,121,5,3,9558,0,28674
618,2024-01-19,130,1,3,53337,0,160011
619,2024-01-20,109,99,4,48941,0,195764
620,2024-01-21,121,2,2,7215,500,4803
621,2024-01-22,119,4,4,17879,1000,70516
622,2024-01-23,145,2,3,7387,500,21661
623,2024-01-24,123,2,5,49059,1000,244295
624,2024-01-25,112,99,1,53941,500,53441
625,2024-01-26,123,4,1,58741,1000,57741
626,2024-01-27,125,2,4,57181,1000,227724
627,2024-01-28,145,1,1,5047,1000,4047
628,2024-01-29,126,5,4,25223,0,100892
629,2024-01-30,149,4,3,52604,0,157812
630,2024-01-01,145,1,3,45739,500,2806
631,2024-01-02,113,2,2,30444,500,60388
632,2024-01-03,999,3,2,44452,500,88404
633,2024-01-04,124,5,1,23618,500,23118
634,2024-01-05,102,4,2,28857,500,57214
635,2024-01-06,103,99,2,45833,500,91166
636,2024-01-07,106,99,3,45307,1000,134921
637,2024-01-08,150,4,2,3355,1000,5710
638,2024-01-09,126,3,3,8107,0,24321
639,2024-01-10,129,4,5,11349,1000,55745
640,2024-01-11,146,1,2,45541,500,2484
641,2024-01-12,140,99,3,26227,1000,77681
642,2024-01-13,136,4,3,30683,500,91549
643,2024-01-14,138,4,3,16468,500,48904
644,2024-01-15,117,3,4,22945,1000,90780
645,2024-01-16,124,4,1,19698,1000,18698
646,2024-01-17,113,99,1,7676,0,7676
647,2024-01-18,112,4,4,52130,0,208520
648,2024-01-19,126,2,3,13160,1000,38480
649,2024-01-20,145,99,5,28929,1000,143645
650,2024-01-21,129,2,4,28571,0,4110
651,2024-01-22,106,4,3,23577,0,70731
652,2024-01-23,104,5,1,25283,500,24783
653,2024-01-24,143,99,3,19593,1000,57779
654,2024-01-25,117,3,3,52358,0,157074
655,2024-01-26,133,5,2,23220,1000,45440
656,2024-01-27,117,4,1,14863,0,14863
657,2024-01-28,131,4,2,32926,1000,64852
658,2024-01-29,999,99,1,42912,1000,41912
659,2024-01-30,137,4,4,44434,500,177236
660,2024-01-01,111,99,2,1268,1000,3041
661,2024-01-02,119,3,4,53858,0,215432
662,2024-01-03,122,4,2,13031,0,26062
663,2024-01-04,119,5,3,49645,500,148435
664,2024-01-05,130,1,3,36459,1000,108377
665,2024-01-06,139,99,4,44187,1000,175748
666,2024-01-07,106,99,1,47960,0,47960
667,2024-01-08,132,2,4,20150,1000,79600
668,2024-01-09,109,1,3,40455,500,120865
669,2024-01-10,136,2,2,50534,0,101068
670,2024-01-11,109,3,4,58190,1000,792
671,2024-01-12,106,4,3,22898,500,68194
672,2024-01-13,999,1,2,24675,500,48850
673,2024-01-14,142,2,1,15195,0,15195
674,2024-01-15,110,4,5,4742,0,23710
675,2024-01-16,145,1,5,44867,500,223835
676,2024-01-17,149,3,4,36729,500,146416
677,2024-01-18,111,3,4,24079,0,96316
678,2024-01-19,142,99,3,8966,0,26898
679,2024-01-20,130,1,1,43573,1000,42573
680,2024-01-21,136,1,1,50648,500,2913
681,2024-01-22,125,2,2,10606,0,21212
682,2024-01-23,130,2,2,36443,1000,71886
683,2024-01-24,125,5,1,11268,500,10768
684,2024-01-25,134,99,1,3887,500,3387
685,2024-01-26,120,1,2,54359,0,108718
686,2024-01-27,103,1,4,58969,500,235376
687,2024-01-28,113,3,5,52602,1000,262010
688,2024-01-29,119,99,1,52186,0,52186
689,2024-01-30,132,5,1,1714,1000,714
690,2024-01-01,120,99,1,18708,0,3713
691,2024-01-02,128,5,2,28255,0,56510
692,2024-01-03,129,2,5,11857,500,58785
693,2024-01-04,121,5,3,55390,1000,165170
694,2024-01-05,145,99,5,11555,500,57275
695,2024-01-06,141,1,2,20510,1000,40020
696,2024-01-07,110,99,5,16177,0,80885
697,2024-01-08,139,2,4,29987,0,119948
698,2024-01-09,147,99,2,57013,500,113526
699,2024-01-10,130,2,5,21701,500,108005
700,2024-01-11,148,99,3,35627,1000,4409
701,2024-01-12,105,3,4,29696,500,118284
702,2024-01-13,113,1,2,13895,0,27790
703,2024-01-14,132,3,2,40395,500,80290
704,2024-01-15,106,5,2,58057,500,115614
705,2024-01-16,150,5,5,14573,1000,71865
706,2024-01-17,110,1,1,31424,500,30924
707,2024-01-18,115,3,2,26966,500,53432
708,2024-01-19,118,2,5,51960,1000,258800
709,2024-01-20,135,99,5,26599,500,132495
710,2024-01-21,148,2,1,57635,500,1419
711,2024-01-22,139,5,3,58115,0,174345
712,2024-01-23,133,5,4,25856,0,103424
713,2024-01-24,132,1,5,45576,0,227880
714,2024-01-25,134,5,2,52303,500,104106
715,2024-01-26,140,99,4,54767,1000,218068
716,2024-01-27,143,4,1,52512,1000,51512
717,2024-01-28,121,1,2,48131,500,95762
718,2024-01-29,137,1,5,38614,500,192570
719,2024-01-30,147,3,2,7148,500,13796
720,2024-01-01,136,2,2,47394,0,4699
721,2024-01-02,148,99,1,2935,0,2935
722,2024-01-03,999,2,2,27655,1000,54310
723,2024-01-04,125,3,1,55329,500,54829
724,2024-01-05,109,99,4,43026,0,172104
725,2024-01-06,105,2,5,27811,500,138555
726,2024-01-07,110,1,2,38510,500,76520
727,2024-01-08,123,2,1,18597,500,18097
728,2024-01-09,107,1,1,10995,1000,9995
729,2024-01-10,111,5,1,24395,1000,23395
730,2024-01-11,115,99,5,31354,0,4139
731,2024-01-12,147,1,1,59240,0,59240
732,2024-01-13,101,5,5,53196,0,265980
733,2024-01-14,116,5,2,559,500,618
734,2024-01-15,137,2,1,17542,0,17542
735,2024-01-16,148,1,5,30366,1000,150830
736,2024-01-17,122,99,4,16904,500,67116
737,2024-01-18,141,99,3,23186,1000,68558
738,2024-01-19,146,4,1,7878,0,7878
739,2024-01-20,113,5,3,49606,500,148318
740,2024-01-21,110,2,5,9935,500,2403
741,2024-01-22,124,3,4,30690,500,122260
742,2024-01-23,149,5,4,59140,0,236560
743,2024-01-24,110,3,3,37799,0,113397
744,2024-01-25,102,99,2,57093,0,114186
745,2024-01-26,114,4,4,34588,0,138352
746,2024-01-27,105,99,5,3131,1000,14655
747,2024-01-28,128,1,3,32259,1000,95777
748,2024-01-29,109,1,3,52797,1000,157391
749,2024-01-30,133,4,3,3657,1000,9971
750,2024-01-01,112,1,3,43110,500,4492
751,2024-01-02,121,2,3,35239,500,105217
752,2024-01-03,145,4,2,23201,1000,45402
753,2024-01-04,148,4,3,29859,0,89577
754,2024-01-05,111,99,4,11068,0,44272
755,2024-01-06,147,1,4,4865,500,18960
756,2024-01-07,140,3,2,28122,500,55744
757,2024-01-08,105,3,2,33147,0,66294
758,2024-01-09,118,1,5,16925,0,84625
759,2024-01-10,140,2,2,41163,1000,81326
760,2024-01-11,106,1,4,23069,1000,198
761,2024-01-12,102,5,3,47673,500,142519
762,2024-01-13,150,1,2,44565,1000,88130
763,2024-01-14,103,1,5,37926,1000,188630
764,2024-01-15,110,4,3,2982,1000,7946
765,2024-01-16,999,5,1,47517,1000,46517
766,2024-01-17,107,2,1,11510,1000,10510
767,2024-01-18,121,99,5,19110,1000,94550
768,2024-01-19,125,3,2,51076,500,101652
769,2024-01-20,105,99,1,19755,1000,18755
770,2024-01-21,109,3,4,21833,0,3719
771,2024-01-22,124,3,3,26305,0,78915
772,2024-01-23,145,4,3,21623,500,64369
773,2024-01-24,144,99,5,5207,0,26035
774,2024-01-25,136,3,3,19818,500,58954
775,2024-01-26,129,1,3,37798,0,113394
776,2024-01-27,143,5,5,41532,1000,206660
777,2024-01-28,122,99,2,17745,1000,34490
778,2024-01-29,122,99,3,14310,1000,41930
779,2024-01-30,137,5,5,21164,500,105320
780,2024-01-01,137,2,1,31344,1000,306
781,2024-01-02,149,4,3,9637,1000,27911
782,2024-01-03,124,1,2,54017,1000,107034
783,2024-01-04,112,2,2,53501,0,107002
784,2024-01-05,124,99,5,6097,0,30485
785,2024-01-06,105,1,4,34135,1000,135540
786,2024-01-07,135,2,1,46150,500,45650
787,2024-01-08,132,2,5,56735,0,283675
788,2024-01-09,131,4,2,42007,0,84014
789,2024-01-10,124,1,1,51152,500,50652
790,2024-01-11,114,5,1,4559,500,3442
791,2024-01-12,101,99,4,55491,1000,220964
792,2024-01-13,133,3,5,23049,0,115245
793,2024-01-14,105,1,3,6404,0,19212
794,2024-01-15,138,99,1,42730,1000,41730
795,2024-01-16,116,99,2,15231,1000,29462
796,2024-01-17,116,4,1,2429,500,1929
797,2024-01-18,113,4,2,59143,500,117786
798,2024-01-19,126,99,3,6020,1000,17060
799,2024-01-20,134,99,1,11601,1000,10601
800,2024-01-21,116,2,2,28469,0,2693
801,2024-01-22,137,5,5,55433,1000,276165
802,2024-01-23,132,3,4,35408,1000,140632
803,2024-01-24,144,5,4,1443,500,5272
804,2024-01-25,145,5,2,45725,500,90950
805,2024-01-26,134,1,4,3444,500,13276
806,2024-01-27,113,3,4,29669,1000,117676
807,2024-01-28,148,4,5,17114,1000,84570
808,2024-01-29,140,2,3,43850,500,131050
809,2024-01-30,101,99,2,6194,500,11888
810,2024-01-01,119,4,2,11218,0,4769
811,2024-01-02,108,1,5,46600,1000,232000
812,2024-01-03,107,1,2,25811,0,51622
813,2024-01-04,102,1,5,18272,0,91360
814,2024-01-05,147,1,1,1254,0,1254
815,2024-01-06,120,99,3,57268,500,171304
816,2024-01-07,123,1,5,26754,0,133770
817,2024-01-08,142,99,5,33447,500,166735
818,2024-01-09,102,4,2,26331,1000,51662
819,2024-01-10,142,5,4,7264,0,29056
820,2024-01-11,138,3,4,15893,0,2873
821,2024-01-12,142,1,2,52274,0,104548
822,2024-01-13,117,5,2,54296,1000,107592
823,2024-01-14,104,3,1,42981,500,42481
824,2024-01-15,999,2,3,51136,500,152908
825,2024-01-16,140,99,5,30698,0,153490
826,2024-01-17,101,99,5,27005,1000,134025
827,2024-01-18,142,99,5,3899,500,18995
828,2024-01-19,113,2,3,36817,1000,109451
829,2024-01-20,128,1,3,13366,1000,39098
830,2024-01-21,124,1,3,28463,500,1587
831,2024-01-22,122,2,5,594,0,2970
832,2024-01-23,135,2,1,45945,500,45445
833,2024-01-24,111,2,4,31600,1000,125400
834,2024-01-25,105,1,1,59326,1000,58326
835,2024-01-26,107,5,4,15252,0,61008
836,2024-01-27,137,3,1,22232,1000,21232
837,2024-01-28,133,99,3,22876,0,68628
838,2024-01-29,139,99,4,26954,0,107816
839,2024-01-30,121,99,2,41788,1000,82576
840,2024-01-01,119,5,4,24027,1000,3664
841,2024-01-02,137,4,3,4310,500,12430
842,2024-01-03,145,2,2,17389,500,34278
843,2024-01-04,115,5,3,2505,0,7515
844,2024-01-05,104,4,5,3298,0,16490
845,2024-01-06,131,99,1,15894,0,15894
846,2024-01-07,131,5,1,2212,500,1712
847,2024-01-08,142,1,5,16358,0,81790
848,2024-01-09,144,3,3,50058,0,150174
849,2024-01-10,122,3,4,2737,1000,9948
850,2024-01-11,123,1,1,39079,500,4082
851,2024-01-12,122,1,4,28563,500,113752
852,2024-01-13,137,5,3,9563,500,28189
853,2024-01-14,114,1,2,58282,500,116064
854,2024-01-15,140,2,3,44163,0,132489
855,2024-01-16,110,99,2,17077,500,33654
856,2024-01-17,130,1,4,30354,500,120916
857,2024-01-18,141,4,1,37443,0,37443
858,2024-01-19,130,99,5,57519,0,287595
859,2024-01-20,137,2,3,41185,0,123555
860,2024-01-21,127,3,1,56595,500,4666
861,2024-01-22,121,3,1,23463,1000,22463
862,2024-01-23,110,4,3,38253,1000,113759
863,2024-01-24,103,3,4,20433,1000,80732
864,2024-01-25,122,5,1,31966,0,31966
865,2024-01-26,139,3,1,8974,1000,7974
866,2024-01-27,148,1,5,24349,1000,120745
867,2024-01-28,111,99,5,42680,1000,212400
868,2024-01-29,141,3,1,53007,1000,52007
869,2024-01-30,132,1,2,18616,0,37232
870,2024-01-01,138,2,4,17951,500,1513
871,2024-01-02,144,3,5,48183,1000,239915
872,2024-01-03,128,1,4,49272,1000,196088
873,2024-01-04,106,3,3,35991,500,107473
874,2024-01-05,137,2,1,40392,0,40392
875,2024-01-06,134,2,2,27310,0,54620
876,2024-01-07,127,1,1,12536,1000,11536
877,2024-01-08,103,3,3,12525,500,37075
878,2024-01-09,131,1,1,837,0,837
879,2024-01-10,124,1,1,59133,1000,58133
880,2024-01-11,121,4,2,54687,0,1506
881,2024-01-12,122,99,5,47769,0,238845
882,2024-01-13,129,99,3,23802,0,71406
883,2024-01-14,111,3,2,15713,1000,30426
884,2024-01-15,111,4,3,15841,1000,46523
885,2024-01-16,113,1,2,17408,1000,33816
886,2024-01-17,140,2,3,1976,0,5928
887,2024-01-18,125,99,2,40946,0,81892
888,2024-01-19,123,99,3,31096,500,92788
889,2024-01-20,119,1,3,45841,500,137023
890,2024-01-21,111,4,2,21165,500,4879
891,2024-01-22,141,99,5,20454,500,101770
892,2024-01-23,103,2,1,26024,500,25524
893,2024-01-24,147,3,4,34378,500,137012
894,2024-01-25,999,99,4,3362,1000,12448
895,2024-01-26,150,3,3,47771,1000,142313
896,2024-01-27,125,99,4,54709,0,218836
897,2024-01-28,150,5,5,18410,1000,91050
898,2024-01-29,101,5,3,44565,0,133695
899,2024-01-30,133,2,2,54141,0,108282
900,2024-01-01,133,2,1,9803,1000,711
901,2024-01-02,133,4,2,39729,500,78958
902,2024-01-03,140,2,4,12799,500,50696
903,2024-01-04,131,99,5,24899,0,124495
904,2024-01-05,101,5,1,59935,0,59935
905,2024-01-06,133,2,3,58025,500,173575
906,2024-01-07,142,99,1,23926,1000,22926
907,2024-01-08,143,5,1,41063,1000,40063
908,2024-01-09,136,1,2,25134,1000,49268
909,2024-01-10,133,99,5,8467,500,41835
910,2024-01-11,143,2,1,19807,0,3016
911,2024-01-12,121,1,2,10025,0,20050
912,2024-01-13,140,1,3,4101,500,11803
913,2024-01-14,144,4,2,51599,500,102698
914,2024-01-15,122,2,5,6374,0,31870
915,2024-01-16,137,99,3,34148,1000,101444
916,2024-01-17,104,2,5,42991,500,214455
917,2024-01-18,138,5,2,33746,1000,66492
918,2024-01-19,135,2,2,37461,0,74922
919,2024-01-20,143,5,2,49162,0,98324
920,2024-01-21,106,99,5,1040,500,4941
921,2024-01-22,117,4,5,58446,1000,291230
922,2024-01-23,142,1,4,42887,0,171548
923,2024-01-24,144,3,4,14472,500,57388
924,2024-01-25,148,4,4,49325,1000,196300
925,2024-01-26,105,1,3,40075,0,120225
926,2024-01-27,131,1,1,53205,0,53205
927,2024-01-28,133,5,1,25462,500,24962
928,2024-01-29,140,99,5,26092,500,129960
929,2024-01-30,102,99,2,41777,0,83554
930,2024-01-01,113,2,5,40429,0,3840
931,2024-01-02,139,1,5,11741,0,58705
932,2024-01-03,108,1,2,54989,0,109978
933,2024-01-04,133,5,5,24235,500,120675
934,2024-01-05,128,1,1,23033,500,22533
935,2024-01-06,142,5,1,11102,0,11102
936,2024-01-07,112,2,1,14202,1000,13202
937,2024-01-08,117,5,1,38685,0,38685
938,2024-01-09,148,2,3,35610,1000,105830
939,2024-01-10,129,3,5,5262,0,26310
940,2024-01-11,110,99,5,44629,0,1886
941,2024-01-12,107,99,1,13725,500,13225
942,2024-01-13,120,4,2,45249,0,90498
943,2024-01-14,140,2,4,55044,500,219676
944,2024-01-15,116,5,1,48131,500,47631
945,2024-01-16,123,99,3,36880,1000,109640
946,2024-01-17,134,1,3,47194,1000,140582
947,2024-01-18,150,2,4,7008,500,27532
948,2024-01-19,137,4,1,9174,0,9174
949,2024-01-20,144,1,4,58690,0,234760
950,2024-01-21,105,1,4,5266,500,2842
951,2024-01-22,147,2,1,48327,500,47827
952,2024-01-23,134,99,5,51517,1000,256585
953,2024-01-24,129,4,4,39687,0,158748
954,2024-01-25,147,4,4,57803,500,230712
955,2024-01-26,127,99,3,5003,500,14509
956,2024-01-27,107,3,1,22284,500,21784
957,2024-01-28,123,4,4,18217,0,72868
958,2024-01-29,137,4,2,20107,500,39714
959,2024-01-30,131,99,1,5125,500,4625
960,2024-01-01,104,99,1,51233,0,2663
961,2024-01-02,110,5,3,20317,0,60951
962,2024-01-03,115,4,1,45626,0,45626
963,2024-01-04,115,3,3,59765,1000,178295
964,2024-01-05,150,99,5,58202,0,291010
965,2024-01-06,134,3,4,21801,500,86704
966,2024-01-07,106,3,5,26893,500,133965
967,2024-01-08,119,4,3,12587,500,37261
968,2024-01-09,114,4,4,22410,1000,88640
969,2024-01-10,136,3,1,28238,500,27738
970,2024-01-11,131,3,3,28053,0,1705
971,2024-01-12,128,99,3,23243,500,69229
972,2024-01-13,105,99,5,21875,1000,108375
973,2024-01-14,117,3,4,12246,500,48484
974,2024-01-15,129,2,3,46200,0,138600
975,2024-01-16,125,99,1,3268,0,3268
976,2024-01-17,136,5,3,27141,0,81423
977,2024-01-18,144,5,2,28211,500,55922
978,2024-01-19,120,3,1,20758,1000,19758
979,2024-01-20,128,99,3,6082,0,18246
980,2024-01-21,131,5,1,28564,0,2062
981,2024-01-22,137,99,1,51819,1000,50819
982,2024-01-23,114,3,1,41260,500,40760
983,2024-01-24,118,2,4,55235,1000,219940
984,2024-01-25,136,1,5,6831,0,34155
985,2024-01-26,146,5,4,19947,1000,78788
986,2024-01-27,115,4,3,14201,0,42603
987,2024-01-28,141,1,4,25536,500,101644
988,2024-01-29,104,1,4,30644,0,122576
989,2024-01-30,119,3,4,35257,500,140528
990,2024-01-01,112,5,4,22194,0,2586
991,2024-01-02,118,4,3,52152,1000,155456
992,2024-01-03,116,5,5,13694,1000,67470
993,2024-01-04,120,3,2,14279,500,28058
994,2024-01-05,147,1,5,58838,1000,293190
995,2024-01-06,142,99,2,34803,500,69106
996,2024-01-07,124,1,2,42663,500,84826
997,2024-01-08,144,99,4,18821,0,75284
998,2024-01-09,120,3,5,57740,500,288200
999,2024-01-10,104,2,5,46628,0,233140
1000,2024-01-11,103,99,5,45210,0,4360
